START,STOP,PATIENT,ENCOUNTER,CODE,DESCRIPTION
1982-10-25,,76982e06-f8b8-4509-9ca3-65a99c8650fe,b896bf40-8b72-42b7-b205-142ee3a56b55,300916003,Latex allergy
1982-10-25,,76982e06-f8b8-4509-9ca3-65a99c8650fe,b896bf40-8b72-42b7-b205-142ee3a56b55,300913006,Shellfish allergy
2002-01-25,,71ba0469-f0cc-4177-ac70-ea07cb01c8b8,7be1a590-4239-4826-9872-031327f3c368,419474003,Allergy to mould
2002-01-25,,71ba0469-f0cc-4177-ac70-ea07cb01c8b8,7be1a590-4239-4826-9872-031327f3c368,232347008,Dander (animal) allergy
2002-01-25,,71ba0469-f0cc-4177-ac70-ea07cb01c8b8,7be1a590-4239-4826-9872-031327f3c368,418689008,Allergy to grass pollen
2002-01-25,,71ba0469-f0cc-4177-ac70-ea07cb01c8b8,7be1a590-4239-4826-9872-031327f3c368,419263009,Allergy to tree pollen
2002-01-25,,71ba0469-f0cc-4177-ac70-ea07cb01c8b8,7be1a590-4239-4826-9872-031327f3c368,714035009,Allergy to soya
2002-01-25,,71ba0469-f0cc-4177-ac70-ea07cb01c8b8,7be1a590-4239-4826-9872-031327f3c368,417532002,Allergy to fish
2018-07-30,,2f43a131-a43a-4c8c-a723-cc261adb9cc6,dbbace5a-29c8-458d-805b-2c3f7cbed818,419474003,Allergy to mould
2018-07-30,,2f43a131-a43a-4c8c-a723-cc261adb9cc6,dbbace5a-29c8-458d-805b-2c3f7cbed818,232350006,House dust mite allergy
2018-07-30,,2f43a131-a43a-4c8c-a723-cc261adb9cc6,dbbace5a-29c8-458d-805b-2c3f7cbed818,232347008,Dander (animal) allergy
2018-07-30,,2f43a131-a43a-4c8c-a723-cc261adb9cc6,dbbace5a-29c8-458d-805b-2c3f7cbed818,418689008,Allergy to grass pollen
2018-07-30,,2f43a131-a43a-4c8c-a723-cc261adb9cc6,dbbace5a-29c8-458d-805b-2c3f7cbed818,419263009,Allergy to tree pollen
2018-07-30,,2f43a131-a43a-4c8c-a723-cc261adb9cc6,dbbace5a-29c8-458d-805b-2c3f7cbed818,91930004,Allergy to eggs
2002-01-24,,bf35e4fa-ea4f-40a4-8fe6-1f2f26e0aa45,a61f97fa-70c3-4366-90e1-7c6fdcba5cbb,300916003,Latex allergy
2002-01-24,,bf35e4fa-ea4f-40a4-8fe6-1f2f26e0aa45,a61f97fa-70c3-4366-90e1-7c6fdcba5cbb,419474003,Allergy to mould
2002-01-24,,bf35e4fa-ea4f-40a4-8fe6-1f2f26e0aa45,a61f97fa-70c3-4366-90e1-7c6fdcba5cbb,232350006,House dust mite allergy
2002-01-24,,bf35e4fa-ea4f-40a4-8fe6-1f2f26e0aa45,a61f97fa-70c3-4366-90e1-7c6fdcba5cbb,232347008,Dander (animal) allergy
2002-01-24,,bf35e4fa-ea4f-40a4-8fe6-1f2f26e0aa45,a61f97fa-70c3-4366-90e1-7c6fdcba5cbb,418689008,Allergy to grass pollen
2002-01-24,,bf35e4fa-ea4f-40a4-8fe6-1f2f26e0aa45,a61f97fa-70c3-4366-90e1-7c6fdcba5cbb,419263009,Allergy to tree pollen
2002-01-24,,bf35e4fa-ea4f-40a4-8fe6-1f2f26e0aa45,a61f97fa-70c3-4366-90e1-7c6fdcba5cbb,420174000,Allergy to wheat
2002-01-24,,bf35e4fa-ea4f-40a4-8fe6-1f2f26e0aa45,a61f97fa-70c3-4366-90e1-7c6fdcba5cbb,300913006,Shellfish allergy
2002-01-24,,bf35e4fa-ea4f-40a4-8fe6-1f2f26e0aa45,a61f97fa-70c3-4366-90e1-7c6fdcba5cbb,417532002,Allergy to fish
2002-01-24,,bf35e4fa-ea4f-40a4-8fe6-1f2f26e0aa45,a61f97fa-70c3-4366-90e1-7c6fdcba5cbb,91935009,Allergy to peanuts
1988-10-14,,ad7c452d-c8e9-40ae-a5ed-90b7bd93d2ac,4c7ed821-8753-40f3-a18e-31feef7074ef,419474003,Allergy to mould
1988-10-14,,ad7c452d-c8e9-40ae-a5ed-90b7bd93d2ac,4c7ed821-8753-40f3-a18e-31feef7074ef,232350006,House dust mite allergy
1988-10-14,,ad7c452d-c8e9-40ae-a5ed-90b7bd93d2ac,4c7ed821-8753-40f3-a18e-31feef7074ef,232347008,Dander (animal) allergy
1988-10-14,,ad7c452d-c8e9-40ae-a5ed-90b7bd93d2ac,4c7ed821-8753-40f3-a18e-31feef7074ef,418689008,Allergy to grass pollen
1988-10-14,,ad7c452d-c8e9-40ae-a5ed-90b7bd93d2ac,4c7ed821-8753-40f3-a18e-31feef7074ef,419263009,Allergy to tree pollen
2006-05-22,,e20fb002-6dc6-4cea-ba4b-7f528ccf6572,43456878-fc63-45d1-a24f-629aab9752e2,300916003,Latex allergy
2006-05-22,,e20fb002-6dc6-4cea-ba4b-7f528ccf6572,43456878-fc63-45d1-a24f-629aab9752e2,419474003,Allergy to mould
2006-05-22,,e20fb002-6dc6-4cea-ba4b-7f528ccf6572,43456878-fc63-45d1-a24f-629aab9752e2,232350006,House dust mite allergy
2006-05-22,,e20fb002-6dc6-4cea-ba4b-7f528ccf6572,43456878-fc63-45d1-a24f-629aab9752e2,232347008,Dander (animal) allergy
2006-05-22,,e20fb002-6dc6-4cea-ba4b-7f528ccf6572,43456878-fc63-45d1-a24f-629aab9752e2,418689008,Allergy to grass pollen
2006-05-22,,e20fb002-6dc6-4cea-ba4b-7f528ccf6572,43456878-fc63-45d1-a24f-629aab9752e2,419263009,Allergy to tree pollen
2014-12-04,,e3af2463-f4c9-4dbb-a8d2-d6a08c5b1460,469fbd8a-ec48-4da9-9165-027144ccf9a0,300916003,Latex allergy
2014-12-04,,e3af2463-f4c9-4dbb-a8d2-d6a08c5b1460,469fbd8a-ec48-4da9-9165-027144ccf9a0,419474003,Allergy to mould
2014-12-04,,e3af2463-f4c9-4dbb-a8d2-d6a08c5b1460,469fbd8a-ec48-4da9-9165-027144ccf9a0,232350006,House dust mite allergy
2014-12-04,,e3af2463-f4c9-4dbb-a8d2-d6a08c5b1460,469fbd8a-ec48-4da9-9165-027144ccf9a0,232347008,Dander (animal) allergy
2014-12-04,,e3af2463-f4c9-4dbb-a8d2-d6a08c5b1460,469fbd8a-ec48-4da9-9165-027144ccf9a0,418689008,Allergy to grass pollen
2014-12-04,,e3af2463-f4c9-4dbb-a8d2-d6a08c5b1460,469fbd8a-ec48-4da9-9165-027144ccf9a0,419263009,Allergy to tree pollen
2014-12-04,,e3af2463-f4c9-4dbb-a8d2-d6a08c5b1460,469fbd8a-ec48-4da9-9165-027144ccf9a0,420174000,Allergy to wheat
2014-12-04,,e3af2463-f4c9-4dbb-a8d2-d6a08c5b1460,469fbd8a-ec48-4da9-9165-027144ccf9a0,417532002,Allergy to fish
2014-12-04,,e3af2463-f4c9-4dbb-a8d2-d6a08c5b1460,469fbd8a-ec48-4da9-9165-027144ccf9a0,91935009,Allergy to peanuts
2002-08-03,,ddfa05a6-b8a6-4208-b609-28f9a6a8d79e,5c63f72a-7af4-4bde-b416-f8f22a36239f,300913006,Shellfish allergy
1963-03-30,,47a91815-0dca-49df-b1dc-8bb88d8c1b38,dbad793d-adf7-42e2-a134-c3e1eaeeea70,419474003,Allergy to mould
1976-02-13,,28f36cfa-7696-4f73-ac4f-427e802199d9,cb11409c-e981-4e91-922f-c242b8d0405b,232350006,House dust mite allergy
2009-11-30,,df91aedf-3e17-44c3-b273-62e35f518475,e171e3c8-3543-40cc-8946-9918e044fb36,419474003,Allergy to mould
2009-11-30,,df91aedf-3e17-44c3-b273-62e35f518475,e171e3c8-3543-40cc-8946-9918e044fb36,232350006,House dust mite allergy
2009-11-30,,df91aedf-3e17-44c3-b273-62e35f518475,e171e3c8-3543-40cc-8946-9918e044fb36,232347008,Dander (animal) allergy
2009-11-30,,df91aedf-3e17-44c3-b273-62e35f518475,e171e3c8-3543-40cc-8946-9918e044fb36,418689008,Allergy to grass pollen
2009-11-30,,df91aedf-3e17-44c3-b273-62e35f518475,e171e3c8-3543-40cc-8946-9918e044fb36,300913006,Shellfish allergy
2013-08-29,,d1639077-59f3-401f-a058-2ad70502f93f,c13ea48d-deaa-4b51-b47a-8e950d65b131,425525006,Allergy to dairy product
1985-11-28,,0c5aa52a-3b1d-4289-af16-29f7a2d07fec,bdccf0d7-f3c2-4fc2-97df-9f0d41ae84f2,419474003,Allergy to mould
1985-11-28,,0c5aa52a-3b1d-4289-af16-29f7a2d07fec,bdccf0d7-f3c2-4fc2-97df-9f0d41ae84f2,232350006,House dust mite allergy
1985-11-28,,0c5aa52a-3b1d-4289-af16-29f7a2d07fec,bdccf0d7-f3c2-4fc2-97df-9f0d41ae84f2,232347008,Dander (animal) allergy
1985-11-28,,0c5aa52a-3b1d-4289-af16-29f7a2d07fec,bdccf0d7-f3c2-4fc2-97df-9f0d41ae84f2,419263009,Allergy to tree pollen
1985-11-28,,0c5aa52a-3b1d-4289-af16-29f7a2d07fec,bdccf0d7-f3c2-4fc2-97df-9f0d41ae84f2,300913006,Shellfish allergy
1985-11-28,,0c5aa52a-3b1d-4289-af16-29f7a2d07fec,bdccf0d7-f3c2-4fc2-97df-9f0d41ae84f2,417532002,Allergy to fish
1985-11-28,,0c5aa52a-3b1d-4289-af16-29f7a2d07fec,bdccf0d7-f3c2-4fc2-97df-9f0d41ae84f2,91934008,Allergy to nut
2019-05-31,,2a88cb57-86fa-4259-93bf-3956e91b07f4,647eb0bb-5a2d-4617-9c00-fc97f8111994,424213003,Allergy to bee venom
2019-05-31,,2a88cb57-86fa-4259-93bf-3956e91b07f4,647eb0bb-5a2d-4617-9c00-fc97f8111994,419474003,Allergy to mould
2019-05-31,,2a88cb57-86fa-4259-93bf-3956e91b07f4,647eb0bb-5a2d-4617-9c00-fc97f8111994,232347008,Dander (animal) allergy
2019-05-31,,2a88cb57-86fa-4259-93bf-3956e91b07f4,647eb0bb-5a2d-4617-9c00-fc97f8111994,418689008,Allergy to grass pollen
2019-05-31,,2a88cb57-86fa-4259-93bf-3956e91b07f4,647eb0bb-5a2d-4617-9c00-fc97f8111994,300913006,Shellfish allergy
1998-07-19,2014-03-20,e061409e-4b85-4ec1-b1f7-02677d51f763,022ad487-e41c-43ba-90f3-eb2d6711f4d3,419474003,Allergy to mould
1998-07-19,2014-03-20,e061409e-4b85-4ec1-b1f7-02677d51f763,022ad487-e41c-43ba-90f3-eb2d6711f4d3,232347008,Dander (animal) allergy
1998-07-19,,e061409e-4b85-4ec1-b1f7-02677d51f763,022ad487-e41c-43ba-90f3-eb2d6711f4d3,418689008,Allergy to grass pollen
1998-07-19,,e061409e-4b85-4ec1-b1f7-02677d51f763,022ad487-e41c-43ba-90f3-eb2d6711f4d3,91935009,Allergy to peanuts
1974-05-17,,71e13815-55fb-4734-bcac-6079160d82a0,9607667e-4c98-4087-9c59-0fd5b6331078,419263009,Allergy to tree pollen
1974-05-17,,71e13815-55fb-4734-bcac-6079160d82a0,9607667e-4c98-4087-9c59-0fd5b6331078,417532002,Allergy to fish
1974-05-17,,71e13815-55fb-4734-bcac-6079160d82a0,9607667e-4c98-4087-9c59-0fd5b6331078,91935009,Allergy to peanuts
1957-06-06,,852f4588-ba8f-4eeb-94fe-5c3c974ab114,aa997e7e-3421-4f40-8216-394f407de8c2,300913006,Shellfish allergy
2003-08-21,2018-01-30,6ca038f1-a3f6-4c2d-848e-bab8e7ae7101,648c58a1-13b0-4c4b-b3cb-f3472da37acc,419474003,Allergy to mould
2003-08-21,2018-01-30,6ca038f1-a3f6-4c2d-848e-bab8e7ae7101,648c58a1-13b0-4c4b-b3cb-f3472da37acc,232350006,House dust mite allergy
2003-08-21,2018-01-30,6ca038f1-a3f6-4c2d-848e-bab8e7ae7101,648c58a1-13b0-4c4b-b3cb-f3472da37acc,232347008,Dander (animal) allergy
2003-08-21,2018-01-30,6ca038f1-a3f6-4c2d-848e-bab8e7ae7101,648c58a1-13b0-4c4b-b3cb-f3472da37acc,418689008,Allergy to grass pollen
2003-08-21,,6ca038f1-a3f6-4c2d-848e-bab8e7ae7101,648c58a1-13b0-4c4b-b3cb-f3472da37acc,419263009,Allergy to tree pollen
2008-04-10,,cd900636-aee9-41b1-acf1-557efa0fd9cd,1d7366f7-4e58-4561-959d-1c339db8b53b,419474003,Allergy to mould
2008-04-10,,cd900636-aee9-41b1-acf1-557efa0fd9cd,1d7366f7-4e58-4561-959d-1c339db8b53b,232350006,House dust mite allergy
2008-04-10,,cd900636-aee9-41b1-acf1-557efa0fd9cd,1d7366f7-4e58-4561-959d-1c339db8b53b,232347008,Dander (animal) allergy
2008-04-10,,cd900636-aee9-41b1-acf1-557efa0fd9cd,1d7366f7-4e58-4561-959d-1c339db8b53b,418689008,Allergy to grass pollen
2008-04-10,,cd900636-aee9-41b1-acf1-557efa0fd9cd,1d7366f7-4e58-4561-959d-1c339db8b53b,419263009,Allergy to tree pollen
2008-04-10,,cd900636-aee9-41b1-acf1-557efa0fd9cd,1d7366f7-4e58-4561-959d-1c339db8b53b,425525006,Allergy to dairy product
1954-03-21,,09616ead-22c8-4210-8cb9-2fdc28e043ca,09e77dbd-a408-4459-9c75-8996d28bf972,300913006,Shellfish allergy
2004-12-18,,33454fc9-b2ea-407a-9a9d-64897cf44093,e7256f48-b271-4c0c-b7b5-b2e47db970a2,419474003,Allergy to mould
2004-12-18,,33454fc9-b2ea-407a-9a9d-64897cf44093,e7256f48-b271-4c0c-b7b5-b2e47db970a2,232350006,House dust mite allergy
2004-12-18,,33454fc9-b2ea-407a-9a9d-64897cf44093,e7256f48-b271-4c0c-b7b5-b2e47db970a2,232347008,Dander (animal) allergy
2004-12-18,,33454fc9-b2ea-407a-9a9d-64897cf44093,e7256f48-b271-4c0c-b7b5-b2e47db970a2,419263009,Allergy to tree pollen
2004-12-18,,33454fc9-b2ea-407a-9a9d-64897cf44093,e7256f48-b271-4c0c-b7b5-b2e47db970a2,425525006,Allergy to dairy product
2004-12-18,,33454fc9-b2ea-407a-9a9d-64897cf44093,e7256f48-b271-4c0c-b7b5-b2e47db970a2,91934008,Allergy to nut
2018-03-28,,1fd5b5d7-4514-44b8-a06b-767d1be8fb97,b19aa787-6885-4cfa-a8cf-05480ddc669d,714035009,Allergy to soya
2004-03-25,,10c64243-1b39-4f8d-8add-6c767a2f2e50,6d9b747d-0b23-4d75-9e92-dce7ec8cfc7f,232350006,House dust mite allergy
1975-12-23,,f7d7b580-e670-4921-bc67-550ec468d506,0e201aa3-271d-4fa0-b6db-d73aa17f776d,300913006,Shellfish allergy
2004-07-03,,ca3330c5-bbbc-47e7-addb-302f2e069986,d8f2b92b-5971-455f-a0b9-99da66d03899,424213003,Allergy to bee venom
2004-07-03,2019-12-30,ca3330c5-bbbc-47e7-addb-302f2e069986,d8f2b92b-5971-455f-a0b9-99da66d03899,419474003,Allergy to mould
2004-07-03,,ca3330c5-bbbc-47e7-addb-302f2e069986,d8f2b92b-5971-455f-a0b9-99da66d03899,232350006,House dust mite allergy
2004-07-03,,ca3330c5-bbbc-47e7-addb-302f2e069986,d8f2b92b-5971-455f-a0b9-99da66d03899,232347008,Dander (animal) allergy
2004-07-03,,ca3330c5-bbbc-47e7-addb-302f2e069986,d8f2b92b-5971-455f-a0b9-99da66d03899,419263009,Allergy to tree pollen
2004-07-03,,ca3330c5-bbbc-47e7-addb-302f2e069986,d8f2b92b-5971-455f-a0b9-99da66d03899,425525006,Allergy to dairy product
2004-07-03,,ca3330c5-bbbc-47e7-addb-302f2e069986,d8f2b92b-5971-455f-a0b9-99da66d03899,91934008,Allergy to nut
2004-07-03,,ca3330c5-bbbc-47e7-addb-302f2e069986,d8f2b92b-5971-455f-a0b9-99da66d03899,91935009,Allergy to peanuts
1978-11-04,,24bca5cf-ba55-457f-8e80-49690202443c,1d475126-f3c0-41c9-a9ed-f4a0c9a955c4,419474003,Allergy to mould
1978-11-04,,24bca5cf-ba55-457f-8e80-49690202443c,1d475126-f3c0-41c9-a9ed-f4a0c9a955c4,232347008,Dander (animal) allergy
1978-11-04,,24bca5cf-ba55-457f-8e80-49690202443c,1d475126-f3c0-41c9-a9ed-f4a0c9a955c4,417532002,Allergy to fish
1978-11-04,,24bca5cf-ba55-457f-8e80-49690202443c,1d475126-f3c0-41c9-a9ed-f4a0c9a955c4,91935009,Allergy to peanuts
2009-04-29,,f36775e8-bf5a-40a2-a223-679c05b46004,bed7bbbf-9d73-4840-ae9a-039af0918b91,419474003,Allergy to mould
2009-04-29,,f36775e8-bf5a-40a2-a223-679c05b46004,bed7bbbf-9d73-4840-ae9a-039af0918b91,232350006,House dust mite allergy
2009-04-29,,f36775e8-bf5a-40a2-a223-679c05b46004,bed7bbbf-9d73-4840-ae9a-039af0918b91,232347008,Dander (animal) allergy
2009-04-29,,f36775e8-bf5a-40a2-a223-679c05b46004,bed7bbbf-9d73-4840-ae9a-039af0918b91,418689008,Allergy to grass pollen
2009-04-29,,f36775e8-bf5a-40a2-a223-679c05b46004,bed7bbbf-9d73-4840-ae9a-039af0918b91,419263009,Allergy to tree pollen
2009-04-29,,f36775e8-bf5a-40a2-a223-679c05b46004,bed7bbbf-9d73-4840-ae9a-039af0918b91,417532002,Allergy to fish
1994-03-09,2010-09-01,e6a843e8-10db-454b-a39c-d133a7a75a62,2037da0f-ea62-4a7b-9a3d-2c5b4add6162,714035009,Allergy to soya
1989-02-22,,8be68b2d-8054-4882-8715-65297d36767a,d7d1a76c-65a9-499d-8a9f-5f65f1a3d797,424213003,Allergy to bee venom
1989-02-22,,8be68b2d-8054-4882-8715-65297d36767a,d7d1a76c-65a9-499d-8a9f-5f65f1a3d797,300913006,Shellfish allergy
1997-06-26,2013-06-25,2335bebd-0843-4322-9585-8ab90f49def3,6022c98e-5336-4d92-9abd-d5f38feab3f4,419474003,Allergy to mould
1997-06-26,2013-06-25,2335bebd-0843-4322-9585-8ab90f49def3,6022c98e-5336-4d92-9abd-d5f38feab3f4,232350006,House dust mite allergy
1997-06-26,2013-06-25,2335bebd-0843-4322-9585-8ab90f49def3,6022c98e-5336-4d92-9abd-d5f38feab3f4,232347008,Dander (animal) allergy
1997-06-26,2013-06-25,2335bebd-0843-4322-9585-8ab90f49def3,6022c98e-5336-4d92-9abd-d5f38feab3f4,419263009,Allergy to tree pollen
1997-06-26,2013-12-18,2335bebd-0843-4322-9585-8ab90f49def3,6022c98e-5336-4d92-9abd-d5f38feab3f4,425525006,Allergy to dairy product
1997-06-26,2013-12-18,2335bebd-0843-4322-9585-8ab90f49def3,6022c98e-5336-4d92-9abd-d5f38feab3f4,420174000,Allergy to wheat
1997-06-26,,2335bebd-0843-4322-9585-8ab90f49def3,6022c98e-5336-4d92-9abd-d5f38feab3f4,91934008,Allergy to nut
2008-07-08,,45ad6c75-7808-4f70-9c80-0db44f681e55,caf832a7-74d6-4500-83ce-5abbfc5268ca,420174000,Allergy to wheat
1986-12-09,,59669e7c-0190-4cbf-9e27-4898f1a35d03,d19a6b59-77a3-46ee-b8fd-4f59e8cee292,424213003,Allergy to bee venom
1986-12-09,,59669e7c-0190-4cbf-9e27-4898f1a35d03,d19a6b59-77a3-46ee-b8fd-4f59e8cee292,419474003,Allergy to mould
1986-12-09,,59669e7c-0190-4cbf-9e27-4898f1a35d03,d19a6b59-77a3-46ee-b8fd-4f59e8cee292,232350006,House dust mite allergy
1986-12-09,,59669e7c-0190-4cbf-9e27-4898f1a35d03,d19a6b59-77a3-46ee-b8fd-4f59e8cee292,232347008,Dander (animal) allergy
1986-12-09,,59669e7c-0190-4cbf-9e27-4898f1a35d03,d19a6b59-77a3-46ee-b8fd-4f59e8cee292,418689008,Allergy to grass pollen
1986-12-09,,59669e7c-0190-4cbf-9e27-4898f1a35d03,d19a6b59-77a3-46ee-b8fd-4f59e8cee292,419263009,Allergy to tree pollen
1986-12-09,,59669e7c-0190-4cbf-9e27-4898f1a35d03,d19a6b59-77a3-46ee-b8fd-4f59e8cee292,417532002,Allergy to fish
2016-04-25,,4b92e3f1-b92b-48ec-9baa-2905409d1743,afb2659d-c3de-4ff9-aad0-b4283ff08443,424213003,Allergy to bee venom
2016-04-25,,4b92e3f1-b92b-48ec-9baa-2905409d1743,afb2659d-c3de-4ff9-aad0-b4283ff08443,419474003,Allergy to mould
2016-04-25,,4b92e3f1-b92b-48ec-9baa-2905409d1743,afb2659d-c3de-4ff9-aad0-b4283ff08443,232350006,House dust mite allergy
2016-04-25,,4b92e3f1-b92b-48ec-9baa-2905409d1743,afb2659d-c3de-4ff9-aad0-b4283ff08443,232347008,Dander (animal) allergy
2016-04-25,,4b92e3f1-b92b-48ec-9baa-2905409d1743,afb2659d-c3de-4ff9-aad0-b4283ff08443,418689008,Allergy to grass pollen
2016-04-25,,4b92e3f1-b92b-48ec-9baa-2905409d1743,afb2659d-c3de-4ff9-aad0-b4283ff08443,419263009,Allergy to tree pollen
2016-04-25,,4b92e3f1-b92b-48ec-9baa-2905409d1743,afb2659d-c3de-4ff9-aad0-b4283ff08443,91930004,Allergy to eggs
2016-04-25,,4b92e3f1-b92b-48ec-9baa-2905409d1743,afb2659d-c3de-4ff9-aad0-b4283ff08443,420174000,Allergy to wheat
2016-04-25,,4b92e3f1-b92b-48ec-9baa-2905409d1743,afb2659d-c3de-4ff9-aad0-b4283ff08443,417532002,Allergy to fish
2000-03-10,2015-11-30,9fda53d4-6fcc-4ef5-a1fe-16e007182ec2,da2fa819-307a-410d-9b95-6ea21a2f19ae,419474003,Allergy to mould
2000-03-10,2015-11-30,9fda53d4-6fcc-4ef5-a1fe-16e007182ec2,da2fa819-307a-410d-9b95-6ea21a2f19ae,232350006,House dust mite allergy
2000-03-10,2015-11-30,9fda53d4-6fcc-4ef5-a1fe-16e007182ec2,da2fa819-307a-410d-9b95-6ea21a2f19ae,232347008,Dander (animal) allergy
2000-03-10,2015-11-30,9fda53d4-6fcc-4ef5-a1fe-16e007182ec2,da2fa819-307a-410d-9b95-6ea21a2f19ae,418689008,Allergy to grass pollen
2000-03-10,2015-11-30,9fda53d4-6fcc-4ef5-a1fe-16e007182ec2,da2fa819-307a-410d-9b95-6ea21a2f19ae,419263009,Allergy to tree pollen
2000-03-10,,9fda53d4-6fcc-4ef5-a1fe-16e007182ec2,da2fa819-307a-410d-9b95-6ea21a2f19ae,91930004,Allergy to eggs
2000-03-10,,9fda53d4-6fcc-4ef5-a1fe-16e007182ec2,da2fa819-307a-410d-9b95-6ea21a2f19ae,300913006,Shellfish allergy
2000-03-10,,9fda53d4-6fcc-4ef5-a1fe-16e007182ec2,da2fa819-307a-410d-9b95-6ea21a2f19ae,417532002,Allergy to fish
1928-01-27,,de767c9e-3131-4d1a-9eed-fdd86a15d459,48266520-84c9-4a0c-9288-59712b0059ed,419474003,Allergy to mould
2002-12-27,2019-09-12,affb8a9e-4a9a-46e7-a94b-e9c90b25f444,ad8b3be1-166c-44c9-abe4-dc5a0fc633e3,91930004,Allergy to eggs
2016-05-15,,8ba79a69-6f3f-4aa5-be2a-dfbd0119d3ea,64599133-2dd7-4b23-b2eb-2e94a887a266,419474003,Allergy to mould
2016-05-15,,8ba79a69-6f3f-4aa5-be2a-dfbd0119d3ea,64599133-2dd7-4b23-b2eb-2e94a887a266,232350006,House dust mite allergy
2016-05-15,,8ba79a69-6f3f-4aa5-be2a-dfbd0119d3ea,64599133-2dd7-4b23-b2eb-2e94a887a266,232347008,Dander (animal) allergy
2016-05-15,,8ba79a69-6f3f-4aa5-be2a-dfbd0119d3ea,64599133-2dd7-4b23-b2eb-2e94a887a266,418689008,Allergy to grass pollen
2016-05-15,,8ba79a69-6f3f-4aa5-be2a-dfbd0119d3ea,64599133-2dd7-4b23-b2eb-2e94a887a266,419263009,Allergy to tree pollen
2016-05-15,,8ba79a69-6f3f-4aa5-be2a-dfbd0119d3ea,64599133-2dd7-4b23-b2eb-2e94a887a266,300913006,Shellfish allergy
2016-04-12,,128d5c93-dfce-49a1-8d08-e9b24abcb4db,0a61339f-5663-4af2-a674-0ed5bcee8129,300913006,Shellfish allergy
2008-03-16,,eba0f292-1951-4af9-9f14-9d6e9db8e480,3a7465cc-5b2f-4e96-934c-7e74c9537cf8,419474003,Allergy to mould
2008-03-16,,eba0f292-1951-4af9-9f14-9d6e9db8e480,3a7465cc-5b2f-4e96-934c-7e74c9537cf8,232350006,House dust mite allergy
2008-03-16,,eba0f292-1951-4af9-9f14-9d6e9db8e480,3a7465cc-5b2f-4e96-934c-7e74c9537cf8,232347008,Dander (animal) allergy
2008-03-16,,eba0f292-1951-4af9-9f14-9d6e9db8e480,3a7465cc-5b2f-4e96-934c-7e74c9537cf8,418689008,Allergy to grass pollen
2008-03-16,,eba0f292-1951-4af9-9f14-9d6e9db8e480,3a7465cc-5b2f-4e96-934c-7e74c9537cf8,419263009,Allergy to tree pollen
2008-03-16,,eba0f292-1951-4af9-9f14-9d6e9db8e480,3a7465cc-5b2f-4e96-934c-7e74c9537cf8,417532002,Allergy to fish
2008-03-16,,eba0f292-1951-4af9-9f14-9d6e9db8e480,3a7465cc-5b2f-4e96-934c-7e74c9537cf8,91934008,Allergy to nut
2009-10-12,,5846c531-ad71-4b34-9607-3a1022cddffa,3e655890-c6c1-47c7-8aa0-378936645135,417532002,Allergy to fish
2004-01-29,,d00fc5dd-be0e-47aa-a52a-5cf9ee3a78b5,6eb061c1-d1f6-4109-8da9-397e102f5e7c,419263009,Allergy to tree pollen
2004-01-29,,d00fc5dd-be0e-47aa-a52a-5cf9ee3a78b5,6eb061c1-d1f6-4109-8da9-397e102f5e7c,417532002,Allergy to fish
1964-04-22,,7e4e6d32-15cd-4d5f-a4cc-e5c95ab35eb0,479131ac-4344-4846-b8ca-71b4745224ef,418689008,Allergy to grass pollen
1964-04-22,,7e4e6d32-15cd-4d5f-a4cc-e5c95ab35eb0,479131ac-4344-4846-b8ca-71b4745224ef,417532002,Allergy to fish
2018-03-20,,841095eb-d29f-4492-8f0e-08011321e85d,32622f63-734e-4433-8628-942ce1585e6a,419474003,Allergy to mould
2018-03-20,,841095eb-d29f-4492-8f0e-08011321e85d,32622f63-734e-4433-8628-942ce1585e6a,232350006,House dust mite allergy
2018-03-20,,841095eb-d29f-4492-8f0e-08011321e85d,32622f63-734e-4433-8628-942ce1585e6a,232347008,Dander (animal) allergy
2018-03-20,,841095eb-d29f-4492-8f0e-08011321e85d,32622f63-734e-4433-8628-942ce1585e6a,418689008,Allergy to grass pollen
2018-03-20,,841095eb-d29f-4492-8f0e-08011321e85d,32622f63-734e-4433-8628-942ce1585e6a,419263009,Allergy to tree pollen
2018-03-20,,841095eb-d29f-4492-8f0e-08011321e85d,32622f63-734e-4433-8628-942ce1585e6a,300913006,Shellfish allergy
2018-03-20,,841095eb-d29f-4492-8f0e-08011321e85d,32622f63-734e-4433-8628-942ce1585e6a,91934008,Allergy to nut
2018-03-20,,841095eb-d29f-4492-8f0e-08011321e85d,32622f63-734e-4433-8628-942ce1585e6a,91935009,Allergy to peanuts
1959-10-04,,171508e4-8de0-4f33-b7d0-87b7ac4a8008,2ce6da4d-7032-4bf7-b0bf-1873d9d015bb,424213003,Allergy to bee venom
1959-10-04,,171508e4-8de0-4f33-b7d0-87b7ac4a8008,2ce6da4d-7032-4bf7-b0bf-1873d9d015bb,91934008,Allergy to nut
1951-04-21,,ee7f6c74-a8ed-4147-b8e2-4879c8657b0f,0b7d2e65-a9df-4b74-84ed-25feffc23f62,424213003,Allergy to bee venom
1951-04-21,,ee7f6c74-a8ed-4147-b8e2-4879c8657b0f,0b7d2e65-a9df-4b74-84ed-25feffc23f62,91935009,Allergy to peanuts
2014-04-24,,e112cedd-a98e-489e-abb0-875420d40397,d47a0669-53b1-4914-b18d-dd593f7e1767,300916003,Latex allergy
2014-04-24,,e112cedd-a98e-489e-abb0-875420d40397,d47a0669-53b1-4914-b18d-dd593f7e1767,424213003,Allergy to bee venom
2014-04-24,,e112cedd-a98e-489e-abb0-875420d40397,d47a0669-53b1-4914-b18d-dd593f7e1767,419474003,Allergy to mould
2014-04-24,,e112cedd-a98e-489e-abb0-875420d40397,d47a0669-53b1-4914-b18d-dd593f7e1767,232350006,House dust mite allergy
2014-04-24,,e112cedd-a98e-489e-abb0-875420d40397,d47a0669-53b1-4914-b18d-dd593f7e1767,232347008,Dander (animal) allergy
2014-04-24,,e112cedd-a98e-489e-abb0-875420d40397,d47a0669-53b1-4914-b18d-dd593f7e1767,418689008,Allergy to grass pollen
2014-04-24,,e112cedd-a98e-489e-abb0-875420d40397,d47a0669-53b1-4914-b18d-dd593f7e1767,419263009,Allergy to tree pollen
2014-04-24,,e112cedd-a98e-489e-abb0-875420d40397,d47a0669-53b1-4914-b18d-dd593f7e1767,91930004,Allergy to eggs
2014-04-24,,e112cedd-a98e-489e-abb0-875420d40397,d47a0669-53b1-4914-b18d-dd593f7e1767,417532002,Allergy to fish
2014-04-24,,e112cedd-a98e-489e-abb0-875420d40397,d47a0669-53b1-4914-b18d-dd593f7e1767,91934008,Allergy to nut
1988-04-04,,f1462368-c891-4ede-9a2f-782da4386bcf,3397e329-cac9-426d-9308-e6aa97472d1a,420174000,Allergy to wheat
2014-03-19,,6e239b88-5153-4098-85ab-27bd7539cd0e,52ed3230-8f93-4927-a2ca-1945f5cbd7aa,424213003,Allergy to bee venom
2014-03-19,,6e239b88-5153-4098-85ab-27bd7539cd0e,52ed3230-8f93-4927-a2ca-1945f5cbd7aa,419474003,Allergy to mould
2014-03-19,,6e239b88-5153-4098-85ab-27bd7539cd0e,52ed3230-8f93-4927-a2ca-1945f5cbd7aa,232350006,House dust mite allergy
2014-03-19,,6e239b88-5153-4098-85ab-27bd7539cd0e,52ed3230-8f93-4927-a2ca-1945f5cbd7aa,232347008,Dander (animal) allergy
2014-03-19,,6e239b88-5153-4098-85ab-27bd7539cd0e,52ed3230-8f93-4927-a2ca-1945f5cbd7aa,418689008,Allergy to grass pollen
2014-03-19,,6e239b88-5153-4098-85ab-27bd7539cd0e,52ed3230-8f93-4927-a2ca-1945f5cbd7aa,419263009,Allergy to tree pollen
2014-03-19,,6e239b88-5153-4098-85ab-27bd7539cd0e,52ed3230-8f93-4927-a2ca-1945f5cbd7aa,425525006,Allergy to dairy product
2014-03-19,,6e239b88-5153-4098-85ab-27bd7539cd0e,52ed3230-8f93-4927-a2ca-1945f5cbd7aa,420174000,Allergy to wheat
2008-02-17,2019-08-03,0c5a6873-0823-497d-b5cb-57f28a11bf62,0fcf20f2-96cd-4984-b1f5-0e57720ffd80,232350006,House dust mite allergy
1971-03-07,,ab6a2662-f6d1-4da6-b3ce-3929d68650d7,603a0692-9302-459a-84b4-af631dc3aee8,424213003,Allergy to bee venom
1971-03-07,,ab6a2662-f6d1-4da6-b3ce-3929d68650d7,603a0692-9302-459a-84b4-af631dc3aee8,417532002,Allergy to fish
1971-03-07,,ab6a2662-f6d1-4da6-b3ce-3929d68650d7,603a0692-9302-459a-84b4-af631dc3aee8,91934008,Allergy to nut
1971-03-07,,ab6a2662-f6d1-4da6-b3ce-3929d68650d7,603a0692-9302-459a-84b4-af631dc3aee8,91935009,Allergy to peanuts
2010-02-02,,f830d725-640c-4c94-972a-61207b748347,11297d65-9223-45a7-86bb-04b55f61a5a1,300916003,Latex allergy
2010-02-02,,f830d725-640c-4c94-972a-61207b748347,11297d65-9223-45a7-86bb-04b55f61a5a1,419474003,Allergy to mould
2010-02-02,,f830d725-640c-4c94-972a-61207b748347,11297d65-9223-45a7-86bb-04b55f61a5a1,232350006,House dust mite allergy
2010-02-02,,f830d725-640c-4c94-972a-61207b748347,11297d65-9223-45a7-86bb-04b55f61a5a1,232347008,Dander (animal) allergy
2010-02-02,,f830d725-640c-4c94-972a-61207b748347,11297d65-9223-45a7-86bb-04b55f61a5a1,714035009,Allergy to soya
1966-02-10,,c844d8ac-d5bf-45eb-b8cf-84327c9a4e97,93f2e585-25a9-447e-9037-f2acb4533af7,300916003,Latex allergy
1966-02-10,,c844d8ac-d5bf-45eb-b8cf-84327c9a4e97,93f2e585-25a9-447e-9037-f2acb4533af7,419474003,Allergy to mould
1966-02-10,,c844d8ac-d5bf-45eb-b8cf-84327c9a4e97,93f2e585-25a9-447e-9037-f2acb4533af7,232350006,House dust mite allergy
1966-02-10,,c844d8ac-d5bf-45eb-b8cf-84327c9a4e97,93f2e585-25a9-447e-9037-f2acb4533af7,232347008,Dander (animal) allergy
1966-02-10,,c844d8ac-d5bf-45eb-b8cf-84327c9a4e97,93f2e585-25a9-447e-9037-f2acb4533af7,418689008,Allergy to grass pollen
1966-02-10,,c844d8ac-d5bf-45eb-b8cf-84327c9a4e97,93f2e585-25a9-447e-9037-f2acb4533af7,419263009,Allergy to tree pollen
1966-02-10,,c844d8ac-d5bf-45eb-b8cf-84327c9a4e97,93f2e585-25a9-447e-9037-f2acb4533af7,417532002,Allergy to fish
1943-10-29,1993-07-10,ca24f616-30cc-4351-aca9-1b49297de076,d05186e3-ff58-493f-b713-a6462cdff52c,419474003,Allergy to mould
1943-10-29,1993-07-10,ca24f616-30cc-4351-aca9-1b49297de076,d05186e3-ff58-493f-b713-a6462cdff52c,232350006,House dust mite allergy
1943-10-29,1993-07-10,ca24f616-30cc-4351-aca9-1b49297de076,d05186e3-ff58-493f-b713-a6462cdff52c,232347008,Dander (animal) allergy
1943-10-29,1993-07-10,ca24f616-30cc-4351-aca9-1b49297de076,d05186e3-ff58-493f-b713-a6462cdff52c,418689008,Allergy to grass pollen
1943-10-29,,ca24f616-30cc-4351-aca9-1b49297de076,d05186e3-ff58-493f-b713-a6462cdff52c,425525006,Allergy to dairy product
2019-01-26,,22da6290-e240-4875-97ec-0c2372ff45e5,427a4a56-801a-41bb-b9ef-7c9cb5fe9fc7,419474003,Allergy to mould
2019-01-26,,22da6290-e240-4875-97ec-0c2372ff45e5,427a4a56-801a-41bb-b9ef-7c9cb5fe9fc7,232350006,House dust mite allergy
2019-01-26,,22da6290-e240-4875-97ec-0c2372ff45e5,427a4a56-801a-41bb-b9ef-7c9cb5fe9fc7,232347008,Dander (animal) allergy
2019-01-26,,22da6290-e240-4875-97ec-0c2372ff45e5,427a4a56-801a-41bb-b9ef-7c9cb5fe9fc7,418689008,Allergy to grass pollen
2019-01-26,,22da6290-e240-4875-97ec-0c2372ff45e5,427a4a56-801a-41bb-b9ef-7c9cb5fe9fc7,419263009,Allergy to tree pollen
2019-01-26,,22da6290-e240-4875-97ec-0c2372ff45e5,427a4a56-801a-41bb-b9ef-7c9cb5fe9fc7,425525006,Allergy to dairy product
2019-01-26,,22da6290-e240-4875-97ec-0c2372ff45e5,427a4a56-801a-41bb-b9ef-7c9cb5fe9fc7,420174000,Allergy to wheat
2019-01-26,,22da6290-e240-4875-97ec-0c2372ff45e5,427a4a56-801a-41bb-b9ef-7c9cb5fe9fc7,91934008,Allergy to nut
1967-06-12,,cbec03bf-d54a-41ec-9090-bb36a70028b0,01cb8295-b8fd-4560-98fd-0548ddffef82,420174000,Allergy to wheat
1987-09-24,,c4f221f2-611b-4cdd-a0b6-958bbbfcf346,c4bd5699-1d3f-421a-afff-b61489fc7304,300913006,Shellfish allergy
1990-08-01,,77a0cd86-92bb-4c6d-a91a-49ee66e353b9,ef0b7128-4a42-44af-b58d-4b9d79b3b949,424213003,Allergy to bee venom
1990-08-01,,77a0cd86-92bb-4c6d-a91a-49ee66e353b9,ef0b7128-4a42-44af-b58d-4b9d79b3b949,300913006,Shellfish allergy
1995-06-24,2010-10-28,ea8e6623-5590-4d01-bfc1-25d86b1b4491,4d8f3b3f-c46e-464a-9298-97e713fdcbd3,418689008,Allergy to grass pollen
1995-06-24,,ea8e6623-5590-4d01-bfc1-25d86b1b4491,4d8f3b3f-c46e-464a-9298-97e713fdcbd3,300913006,Shellfish allergy
2002-05-31,,4440ff11-69ec-440b-a2bd-dc1c14105e8e,38de2a79-6bea-438e-963f-804823c1e32d,419474003,Allergy to mould
2002-05-31,,4440ff11-69ec-440b-a2bd-dc1c14105e8e,38de2a79-6bea-438e-963f-804823c1e32d,232350006,House dust mite allergy
2002-05-31,,4440ff11-69ec-440b-a2bd-dc1c14105e8e,38de2a79-6bea-438e-963f-804823c1e32d,232347008,Dander (animal) allergy
2002-05-31,,4440ff11-69ec-440b-a2bd-dc1c14105e8e,38de2a79-6bea-438e-963f-804823c1e32d,418689008,Allergy to grass pollen
2002-05-31,,4440ff11-69ec-440b-a2bd-dc1c14105e8e,38de2a79-6bea-438e-963f-804823c1e32d,419263009,Allergy to tree pollen
2002-05-31,2020-03-21,4440ff11-69ec-440b-a2bd-dc1c14105e8e,38de2a79-6bea-438e-963f-804823c1e32d,91930004,Allergy to eggs
2002-05-31,2020-03-21,4440ff11-69ec-440b-a2bd-dc1c14105e8e,38de2a79-6bea-438e-963f-804823c1e32d,420174000,Allergy to wheat
2002-05-31,,4440ff11-69ec-440b-a2bd-dc1c14105e8e,38de2a79-6bea-438e-963f-804823c1e32d,91935009,Allergy to peanuts
1994-05-12,2011-02-03,1aa71b23-790e-4d22-92da-c689682c8993,228c992b-3877-454c-920d-fa629bb8c5d9,300916003,Latex allergy
1994-05-12,,1aa71b23-790e-4d22-92da-c689682c8993,228c992b-3877-454c-920d-fa629bb8c5d9,91934008,Allergy to nut
1994-05-12,,1aa71b23-790e-4d22-92da-c689682c8993,228c992b-3877-454c-920d-fa629bb8c5d9,91935009,Allergy to peanuts
1977-01-21,,a263f1fb-ffb1-4913-997f-455b6c6ab81e,34aa6375-61e9-45e0-a18a-a17d38dcd4b8,425525006,Allergy to dairy product
2006-09-04,,1a289f28-b73b-4d3a-83ef-2216e8837bad,08c25a44-753e-4a0f-bd30-6bce5105bd71,419474003,Allergy to mould
2006-09-04,,1a289f28-b73b-4d3a-83ef-2216e8837bad,08c25a44-753e-4a0f-bd30-6bce5105bd71,232350006,House dust mite allergy
2006-09-04,,1a289f28-b73b-4d3a-83ef-2216e8837bad,08c25a44-753e-4a0f-bd30-6bce5105bd71,232347008,Dander (animal) allergy
2006-09-04,,1a289f28-b73b-4d3a-83ef-2216e8837bad,08c25a44-753e-4a0f-bd30-6bce5105bd71,418689008,Allergy to grass pollen
2006-09-04,,1a289f28-b73b-4d3a-83ef-2216e8837bad,08c25a44-753e-4a0f-bd30-6bce5105bd71,419263009,Allergy to tree pollen
2006-09-04,,1a289f28-b73b-4d3a-83ef-2216e8837bad,08c25a44-753e-4a0f-bd30-6bce5105bd71,714035009,Allergy to soya
2006-09-04,,1a289f28-b73b-4d3a-83ef-2216e8837bad,08c25a44-753e-4a0f-bd30-6bce5105bd71,300913006,Shellfish allergy
2006-09-04,,1a289f28-b73b-4d3a-83ef-2216e8837bad,08c25a44-753e-4a0f-bd30-6bce5105bd71,91934008,Allergy to nut
1980-02-18,,2f423855-1f84-4faa-9218-cd593bef6fe1,e35b4e12-bedc-4d8b-8b42-1926fc6b79d3,419263009,Allergy to tree pollen
1968-03-13,,ba2c1e9f-16e0-427b-97db-dc639daeaaee,6e245624-124e-4832-a40a-f58519b0cffc,424213003,Allergy to bee venom
1968-03-13,,ba2c1e9f-16e0-427b-97db-dc639daeaaee,6e245624-124e-4832-a40a-f58519b0cffc,419474003,Allergy to mould
1968-03-13,,ba2c1e9f-16e0-427b-97db-dc639daeaaee,6e245624-124e-4832-a40a-f58519b0cffc,232347008,Dander (animal) allergy
1968-03-13,,ba2c1e9f-16e0-427b-97db-dc639daeaaee,6e245624-124e-4832-a40a-f58519b0cffc,418689008,Allergy to grass pollen
1968-03-13,,ba2c1e9f-16e0-427b-97db-dc639daeaaee,6e245624-124e-4832-a40a-f58519b0cffc,419263009,Allergy to tree pollen
1968-03-13,,ba2c1e9f-16e0-427b-97db-dc639daeaaee,6e245624-124e-4832-a40a-f58519b0cffc,425525006,Allergy to dairy product
1987-12-17,,33c2184c-bda1-4d31-b0cb-4f18c46822da,68bee127-51d7-45a5-b750-6d816bad712e,419474003,Allergy to mould
1987-12-17,,33c2184c-bda1-4d31-b0cb-4f18c46822da,68bee127-51d7-45a5-b750-6d816bad712e,232347008,Dander (animal) allergy
1991-04-12,,5f1c9186-80b0-405f-9f74-c4e26beb1d01,4c577cc8-117e-45dc-852a-e91de2336afd,419474003,Allergy to mould
1991-04-12,,5f1c9186-80b0-405f-9f74-c4e26beb1d01,4c577cc8-117e-45dc-852a-e91de2336afd,91934008,Allergy to nut
2001-08-30,2018-12-17,317ccdcf-cb9c-488c-901c-a5d61c249919,da3b04e7-b4a2-4949-a335-a560aec22203,91930004,Allergy to eggs
1981-03-11,,ca8803ac-66ef-4895-a8c4-290313fcee6f,6dae0a63-104c-468a-8796-028bd0991bcf,300916003,Latex allergy
1981-03-11,,ca8803ac-66ef-4895-a8c4-290313fcee6f,6dae0a63-104c-468a-8796-028bd0991bcf,232347008,Dander (animal) allergy
1981-03-11,,ca8803ac-66ef-4895-a8c4-290313fcee6f,6dae0a63-104c-468a-8796-028bd0991bcf,418689008,Allergy to grass pollen
1981-03-11,,ca8803ac-66ef-4895-a8c4-290313fcee6f,6dae0a63-104c-468a-8796-028bd0991bcf,419263009,Allergy to tree pollen
1981-03-11,,ca8803ac-66ef-4895-a8c4-290313fcee6f,6dae0a63-104c-468a-8796-028bd0991bcf,300913006,Shellfish allergy
1981-03-11,,ca8803ac-66ef-4895-a8c4-290313fcee6f,6dae0a63-104c-468a-8796-028bd0991bcf,91934008,Allergy to nut
1975-07-08,,ed6fb8d6-c14d-4e34-a029-2dab33855ddd,c587f354-dda9-4a55-930b-c19330ee1c49,300916003,Latex allergy
1956-09-04,,9ec6d974-df2b-44ec-acc2-77d96725f4f4,d8789ff6-c8dc-474c-98e8-8225e749a9b0,300913006,Shellfish allergy
2018-10-10,,78ddb775-9cd7-46c6-87b9-277a2a92c72b,d7975f41-c463-4522-ba1a-bea9a292d6ef,424213003,Allergy to bee venom
2018-10-10,,78ddb775-9cd7-46c6-87b9-277a2a92c72b,d7975f41-c463-4522-ba1a-bea9a292d6ef,419474003,Allergy to mould
2018-10-10,,78ddb775-9cd7-46c6-87b9-277a2a92c72b,d7975f41-c463-4522-ba1a-bea9a292d6ef,232350006,House dust mite allergy
2018-10-10,,78ddb775-9cd7-46c6-87b9-277a2a92c72b,d7975f41-c463-4522-ba1a-bea9a292d6ef,232347008,Dander (animal) allergy
2018-10-10,,78ddb775-9cd7-46c6-87b9-277a2a92c72b,d7975f41-c463-4522-ba1a-bea9a292d6ef,418689008,Allergy to grass pollen
2018-10-10,,78ddb775-9cd7-46c6-87b9-277a2a92c72b,d7975f41-c463-4522-ba1a-bea9a292d6ef,419263009,Allergy to tree pollen
2018-10-10,,78ddb775-9cd7-46c6-87b9-277a2a92c72b,d7975f41-c463-4522-ba1a-bea9a292d6ef,425525006,Allergy to dairy product
2018-10-10,,78ddb775-9cd7-46c6-87b9-277a2a92c72b,d7975f41-c463-4522-ba1a-bea9a292d6ef,420174000,Allergy to wheat
1992-03-09,,45840f9a-a735-45e4-beb0-b750fc9a712e,a90612a6-2d88-4fb8-97ac-b95e19f60c41,419474003,Allergy to mould
2014-06-07,,bab51ea9-2945-4f8a-8015-e430f80a908e,3bf855b5-6f5a-45b6-a248-870298609636,300916003,Latex allergy
2014-06-07,,bab51ea9-2945-4f8a-8015-e430f80a908e,3bf855b5-6f5a-45b6-a248-870298609636,419474003,Allergy to mould
2014-06-07,,bab51ea9-2945-4f8a-8015-e430f80a908e,3bf855b5-6f5a-45b6-a248-870298609636,232350006,House dust mite allergy
2014-06-07,,bab51ea9-2945-4f8a-8015-e430f80a908e,3bf855b5-6f5a-45b6-a248-870298609636,232347008,Dander (animal) allergy
2014-06-07,,bab51ea9-2945-4f8a-8015-e430f80a908e,3bf855b5-6f5a-45b6-a248-870298609636,418689008,Allergy to grass pollen
2014-06-07,,bab51ea9-2945-4f8a-8015-e430f80a908e,3bf855b5-6f5a-45b6-a248-870298609636,419263009,Allergy to tree pollen
2014-06-07,,bab51ea9-2945-4f8a-8015-e430f80a908e,3bf855b5-6f5a-45b6-a248-870298609636,91930004,Allergy to eggs
2014-06-07,,bab51ea9-2945-4f8a-8015-e430f80a908e,3bf855b5-6f5a-45b6-a248-870298609636,420174000,Allergy to wheat
2014-06-07,,bab51ea9-2945-4f8a-8015-e430f80a908e,3bf855b5-6f5a-45b6-a248-870298609636,417532002,Allergy to fish
2016-01-24,,1d4f63d2-ddc0-47bc-b2cc-6f58068a5901,82952a6b-28a4-443a-9dcf-bee496f1256d,232347008,Dander (animal) allergy
2016-01-24,,1d4f63d2-ddc0-47bc-b2cc-6f58068a5901,82952a6b-28a4-443a-9dcf-bee496f1256d,300913006,Shellfish allergy
1949-06-26,,734dfbb9-6320-4fee-b21a-175d3f2f14ba,48fffc64-31f0-4043-be85-8c431deb0b53,91934008,Allergy to nut
1982-03-10,,dc00fea9-2f95-46f9-ba8e-d382489c6e6a,dfccba0c-4fb6-442d-9d99-d32f4577112f,424213003,Allergy to bee venom
1982-03-10,,dc00fea9-2f95-46f9-ba8e-d382489c6e6a,dfccba0c-4fb6-442d-9d99-d32f4577112f,419474003,Allergy to mould
1982-03-10,,dc00fea9-2f95-46f9-ba8e-d382489c6e6a,dfccba0c-4fb6-442d-9d99-d32f4577112f,91934008,Allergy to nut
2010-04-03,,2174522f-1d23-47cf-b56c-4ce3193c5bab,89685e6f-cb99-47aa-8304-e9bc4506e7cd,300916003,Latex allergy
2010-04-03,,2174522f-1d23-47cf-b56c-4ce3193c5bab,89685e6f-cb99-47aa-8304-e9bc4506e7cd,424213003,Allergy to bee venom
2010-04-03,,2174522f-1d23-47cf-b56c-4ce3193c5bab,89685e6f-cb99-47aa-8304-e9bc4506e7cd,419474003,Allergy to mould
2010-04-03,,2174522f-1d23-47cf-b56c-4ce3193c5bab,89685e6f-cb99-47aa-8304-e9bc4506e7cd,232350006,House dust mite allergy
2010-04-03,,2174522f-1d23-47cf-b56c-4ce3193c5bab,89685e6f-cb99-47aa-8304-e9bc4506e7cd,232347008,Dander (animal) allergy
2010-04-03,,2174522f-1d23-47cf-b56c-4ce3193c5bab,89685e6f-cb99-47aa-8304-e9bc4506e7cd,418689008,Allergy to grass pollen
2010-04-03,,2174522f-1d23-47cf-b56c-4ce3193c5bab,89685e6f-cb99-47aa-8304-e9bc4506e7cd,419263009,Allergy to tree pollen
2010-04-03,,2174522f-1d23-47cf-b56c-4ce3193c5bab,89685e6f-cb99-47aa-8304-e9bc4506e7cd,91930004,Allergy to eggs
2010-04-03,,2174522f-1d23-47cf-b56c-4ce3193c5bab,89685e6f-cb99-47aa-8304-e9bc4506e7cd,417532002,Allergy to fish
2010-04-03,,2174522f-1d23-47cf-b56c-4ce3193c5bab,89685e6f-cb99-47aa-8304-e9bc4506e7cd,91934008,Allergy to nut
2009-06-17,,5c520448-6728-42cb-8cf2-457bc7c2b1f1,318437d0-9900-460a-a870-8d3b259b488a,300916003,Latex allergy
2009-06-17,,5c520448-6728-42cb-8cf2-457bc7c2b1f1,318437d0-9900-460a-a870-8d3b259b488a,419474003,Allergy to mould
2009-06-17,,5c520448-6728-42cb-8cf2-457bc7c2b1f1,318437d0-9900-460a-a870-8d3b259b488a,232350006,House dust mite allergy
2009-06-17,,5c520448-6728-42cb-8cf2-457bc7c2b1f1,318437d0-9900-460a-a870-8d3b259b488a,232347008,Dander (animal) allergy
2009-06-17,,5c520448-6728-42cb-8cf2-457bc7c2b1f1,318437d0-9900-460a-a870-8d3b259b488a,419263009,Allergy to tree pollen
2009-06-17,,5c520448-6728-42cb-8cf2-457bc7c2b1f1,318437d0-9900-460a-a870-8d3b259b488a,420174000,Allergy to wheat
2009-06-17,,5c520448-6728-42cb-8cf2-457bc7c2b1f1,318437d0-9900-460a-a870-8d3b259b488a,300913006,Shellfish allergy
2009-06-17,,5c520448-6728-42cb-8cf2-457bc7c2b1f1,318437d0-9900-460a-a870-8d3b259b488a,91934008,Allergy to nut
2019-12-03,,9b50f7b9-c67c-4044-aad0-594ee95b0c29,f54d8911-fb39-4ffc-afea-37327e08f509,424213003,Allergy to bee venom
2019-12-03,,9b50f7b9-c67c-4044-aad0-594ee95b0c29,f54d8911-fb39-4ffc-afea-37327e08f509,419474003,Allergy to mould
2019-12-03,,9b50f7b9-c67c-4044-aad0-594ee95b0c29,f54d8911-fb39-4ffc-afea-37327e08f509,232350006,House dust mite allergy
2019-12-03,,9b50f7b9-c67c-4044-aad0-594ee95b0c29,f54d8911-fb39-4ffc-afea-37327e08f509,232347008,Dander (animal) allergy
2019-12-03,,9b50f7b9-c67c-4044-aad0-594ee95b0c29,f54d8911-fb39-4ffc-afea-37327e08f509,418689008,Allergy to grass pollen
2019-12-03,,9b50f7b9-c67c-4044-aad0-594ee95b0c29,f54d8911-fb39-4ffc-afea-37327e08f509,419263009,Allergy to tree pollen
2019-12-03,,9b50f7b9-c67c-4044-aad0-594ee95b0c29,f54d8911-fb39-4ffc-afea-37327e08f509,91934008,Allergy to nut
2008-01-21,,a694ecfc-e39e-46dc-876e-029b32ba0135,33d7e56a-61f4-4123-beb1-91b0fbc9727b,300916003,Latex allergy
2008-01-21,,a694ecfc-e39e-46dc-876e-029b32ba0135,33d7e56a-61f4-4123-beb1-91b0fbc9727b,419474003,Allergy to mould
2008-01-21,,a694ecfc-e39e-46dc-876e-029b32ba0135,33d7e56a-61f4-4123-beb1-91b0fbc9727b,232350006,House dust mite allergy
2008-01-21,,a694ecfc-e39e-46dc-876e-029b32ba0135,33d7e56a-61f4-4123-beb1-91b0fbc9727b,232347008,Dander (animal) allergy
2008-01-21,,a694ecfc-e39e-46dc-876e-029b32ba0135,33d7e56a-61f4-4123-beb1-91b0fbc9727b,418689008,Allergy to grass pollen
2008-01-21,,a694ecfc-e39e-46dc-876e-029b32ba0135,33d7e56a-61f4-4123-beb1-91b0fbc9727b,419263009,Allergy to tree pollen
2008-01-21,,a694ecfc-e39e-46dc-876e-029b32ba0135,33d7e56a-61f4-4123-beb1-91b0fbc9727b,91930004,Allergy to eggs
2008-01-21,,a694ecfc-e39e-46dc-876e-029b32ba0135,33d7e56a-61f4-4123-beb1-91b0fbc9727b,420174000,Allergy to wheat
2008-01-21,,a694ecfc-e39e-46dc-876e-029b32ba0135,33d7e56a-61f4-4123-beb1-91b0fbc9727b,300913006,Shellfish allergy
2003-08-22,,b88dac97-2026-43e9-b40f-71fc0f888ce7,d102e306-8906-48ee-b8ad-574f5a61150e,419474003,Allergy to mould
2003-08-22,2018-11-22,b88dac97-2026-43e9-b40f-71fc0f888ce7,d102e306-8906-48ee-b8ad-574f5a61150e,232350006,House dust mite allergy
2003-08-22,2018-11-22,b88dac97-2026-43e9-b40f-71fc0f888ce7,d102e306-8906-48ee-b8ad-574f5a61150e,232347008,Dander (animal) allergy
2003-08-22,2018-11-22,b88dac97-2026-43e9-b40f-71fc0f888ce7,d102e306-8906-48ee-b8ad-574f5a61150e,418689008,Allergy to grass pollen
2003-08-22,2019-10-21,b88dac97-2026-43e9-b40f-71fc0f888ce7,d102e306-8906-48ee-b8ad-574f5a61150e,425525006,Allergy to dairy product
2003-08-22,,b88dac97-2026-43e9-b40f-71fc0f888ce7,d102e306-8906-48ee-b8ad-574f5a61150e,714035009,Allergy to soya
2003-08-22,2019-10-21,b88dac97-2026-43e9-b40f-71fc0f888ce7,d102e306-8906-48ee-b8ad-574f5a61150e,420174000,Allergy to wheat
1988-02-20,,d7d1f837-a2c8-4648-b498-a02278b91a08,22f68bb1-06c5-4585-a74e-2924df8c6e93,300913006,Shellfish allergy
2001-05-31,,8b119fdd-0fea-46dd-9106-b5c7813e7260,c0779655-785c-4ee7-9f19-afe8b8c96d4c,300916003,Latex allergy
2001-05-31,2017-01-31,8b119fdd-0fea-46dd-9106-b5c7813e7260,c0779655-785c-4ee7-9f19-afe8b8c96d4c,419474003,Allergy to mould
2001-05-31,2017-01-31,8b119fdd-0fea-46dd-9106-b5c7813e7260,c0779655-785c-4ee7-9f19-afe8b8c96d4c,232350006,House dust mite allergy
2001-05-31,2017-01-31,8b119fdd-0fea-46dd-9106-b5c7813e7260,c0779655-785c-4ee7-9f19-afe8b8c96d4c,232347008,Dander (animal) allergy
2001-05-31,2017-01-31,8b119fdd-0fea-46dd-9106-b5c7813e7260,c0779655-785c-4ee7-9f19-afe8b8c96d4c,418689008,Allergy to grass pollen
2001-05-31,2017-01-31,8b119fdd-0fea-46dd-9106-b5c7813e7260,c0779655-785c-4ee7-9f19-afe8b8c96d4c,419263009,Allergy to tree pollen
2001-05-31,,8b119fdd-0fea-46dd-9106-b5c7813e7260,c0779655-785c-4ee7-9f19-afe8b8c96d4c,417532002,Allergy to fish
2001-05-31,,8b119fdd-0fea-46dd-9106-b5c7813e7260,c0779655-785c-4ee7-9f19-afe8b8c96d4c,91934008,Allergy to nut
1950-01-07,,848e0227-5d5d-4bdf-8603-207cdea72e2a,77427b07-f03b-49bc-9556-d69b4feed7ef,419474003,Allergy to mould
1950-01-07,,848e0227-5d5d-4bdf-8603-207cdea72e2a,77427b07-f03b-49bc-9556-d69b4feed7ef,232350006,House dust mite allergy
1950-01-07,,848e0227-5d5d-4bdf-8603-207cdea72e2a,77427b07-f03b-49bc-9556-d69b4feed7ef,232347008,Dander (animal) allergy
1950-01-07,,848e0227-5d5d-4bdf-8603-207cdea72e2a,77427b07-f03b-49bc-9556-d69b4feed7ef,419263009,Allergy to tree pollen
1950-01-07,,848e0227-5d5d-4bdf-8603-207cdea72e2a,77427b07-f03b-49bc-9556-d69b4feed7ef,714035009,Allergy to soya
1950-01-07,,848e0227-5d5d-4bdf-8603-207cdea72e2a,77427b07-f03b-49bc-9556-d69b4feed7ef,91935009,Allergy to peanuts
2004-12-06,,eafd1fd3-3778-423a-ba79-4584bd310eb4,36279aee-15ff-48ad-a4a6-8ba334466278,91935009,Allergy to peanuts
2000-11-01,,25f2b770-8821-48f0-a7fe-460dfe3b15b8,41baabeb-59ef-42d5-a69b-2a070d6f9acd,424213003,Allergy to bee venom
2000-11-01,2016-11-21,25f2b770-8821-48f0-a7fe-460dfe3b15b8,41baabeb-59ef-42d5-a69b-2a070d6f9acd,419474003,Allergy to mould
2000-11-01,,25f2b770-8821-48f0-a7fe-460dfe3b15b8,41baabeb-59ef-42d5-a69b-2a070d6f9acd,232347008,Dander (animal) allergy
2000-11-01,2016-11-21,25f2b770-8821-48f0-a7fe-460dfe3b15b8,41baabeb-59ef-42d5-a69b-2a070d6f9acd,418689008,Allergy to grass pollen
2000-11-01,2016-11-21,25f2b770-8821-48f0-a7fe-460dfe3b15b8,41baabeb-59ef-42d5-a69b-2a070d6f9acd,419263009,Allergy to tree pollen
2000-11-01,2018-04-11,25f2b770-8821-48f0-a7fe-460dfe3b15b8,41baabeb-59ef-42d5-a69b-2a070d6f9acd,91930004,Allergy to eggs
2000-11-01,2018-04-11,25f2b770-8821-48f0-a7fe-460dfe3b15b8,41baabeb-59ef-42d5-a69b-2a070d6f9acd,420174000,Allergy to wheat
2000-11-01,,25f2b770-8821-48f0-a7fe-460dfe3b15b8,41baabeb-59ef-42d5-a69b-2a070d6f9acd,300913006,Shellfish allergy
1964-03-05,,2e4df8c7-8b04-4165-a1fb-e4234d8aebe7,ab0c0a3f-8b18-4880-b45a-fad163b69ef3,232350006,House dust mite allergy
2015-07-28,,26ca976d-0b5b-4662-af41-535ff670dd5a,9ef70ad2-ee78-4685-b90f-aaae12dc2e7f,300916003,Latex allergy
2015-07-28,,26ca976d-0b5b-4662-af41-535ff670dd5a,9ef70ad2-ee78-4685-b90f-aaae12dc2e7f,419474003,Allergy to mould
2015-07-28,,26ca976d-0b5b-4662-af41-535ff670dd5a,9ef70ad2-ee78-4685-b90f-aaae12dc2e7f,232350006,House dust mite allergy
2015-07-28,,26ca976d-0b5b-4662-af41-535ff670dd5a,9ef70ad2-ee78-4685-b90f-aaae12dc2e7f,232347008,Dander (animal) allergy
2015-07-28,,26ca976d-0b5b-4662-af41-535ff670dd5a,9ef70ad2-ee78-4685-b90f-aaae12dc2e7f,418689008,Allergy to grass pollen
2015-07-28,,26ca976d-0b5b-4662-af41-535ff670dd5a,9ef70ad2-ee78-4685-b90f-aaae12dc2e7f,300913006,Shellfish allergy
2015-07-28,,26ca976d-0b5b-4662-af41-535ff670dd5a,9ef70ad2-ee78-4685-b90f-aaae12dc2e7f,417532002,Allergy to fish
1991-07-26,,65243e61-da11-42a6-826e-a43d960d1e84,4bd55d09-eca0-4e6e-b04d-a81b0906f8d8,300913006,Shellfish allergy
2019-04-02,,199946d9-69de-43e1-9ce6-d6b646b84955,f522f250-10aa-4578-ba25-149ed036fe1c,419474003,Allergy to mould
2019-04-02,,199946d9-69de-43e1-9ce6-d6b646b84955,f522f250-10aa-4578-ba25-149ed036fe1c,232350006,House dust mite allergy
2019-04-02,,199946d9-69de-43e1-9ce6-d6b646b84955,f522f250-10aa-4578-ba25-149ed036fe1c,232347008,Dander (animal) allergy
2019-04-02,,199946d9-69de-43e1-9ce6-d6b646b84955,f522f250-10aa-4578-ba25-149ed036fe1c,418689008,Allergy to grass pollen
2019-04-02,,199946d9-69de-43e1-9ce6-d6b646b84955,f522f250-10aa-4578-ba25-149ed036fe1c,419263009,Allergy to tree pollen
2019-04-02,,199946d9-69de-43e1-9ce6-d6b646b84955,f522f250-10aa-4578-ba25-149ed036fe1c,425525006,Allergy to dairy product
2019-04-02,,199946d9-69de-43e1-9ce6-d6b646b84955,f522f250-10aa-4578-ba25-149ed036fe1c,91934008,Allergy to nut
1957-08-07,,4be910c3-22ae-4868-9dbe-667aec6e5342,66b7c226-13b7-47cc-b0c2-5a3f608061d8,91934008,Allergy to nut
1962-03-31,,08ea9043-5f84-46ab-9815-81d90024169a,4d41baa1-4c54-4c57-be01-e67f0234d4fe,232347008,Dander (animal) allergy
1962-03-31,,08ea9043-5f84-46ab-9815-81d90024169a,4d41baa1-4c54-4c57-be01-e67f0234d4fe,300913006,Shellfish allergy
2005-10-25,,2950e244-0ba6-4afe-ac30-e0d5529d1d1b,aa90693d-c20e-4791-baa4-aab0b6400f6b,419474003,Allergy to mould
2005-10-25,,2950e244-0ba6-4afe-ac30-e0d5529d1d1b,aa90693d-c20e-4791-baa4-aab0b6400f6b,232350006,House dust mite allergy
2005-10-25,,2950e244-0ba6-4afe-ac30-e0d5529d1d1b,aa90693d-c20e-4791-baa4-aab0b6400f6b,232347008,Dander (animal) allergy
2005-10-25,,2950e244-0ba6-4afe-ac30-e0d5529d1d1b,aa90693d-c20e-4791-baa4-aab0b6400f6b,418689008,Allergy to grass pollen
2005-10-25,,2950e244-0ba6-4afe-ac30-e0d5529d1d1b,aa90693d-c20e-4791-baa4-aab0b6400f6b,419263009,Allergy to tree pollen
2005-10-25,,2950e244-0ba6-4afe-ac30-e0d5529d1d1b,aa90693d-c20e-4791-baa4-aab0b6400f6b,91930004,Allergy to eggs
2005-10-25,,2950e244-0ba6-4afe-ac30-e0d5529d1d1b,aa90693d-c20e-4791-baa4-aab0b6400f6b,420174000,Allergy to wheat
1912-07-29,,a3abc11b-0fd1-4eb9-a69a-9075b4737612,a2e3c7b6-8c3e-4f13-8937-c41fb5a802ef,300913006,Shellfish allergy
2016-02-11,,f23e12d9-2ec6-4006-b041-ea78d374e9c9,236290a7-516e-403c-8f77-5198f833f968,300916003,Latex allergy
2016-02-11,,f23e12d9-2ec6-4006-b041-ea78d374e9c9,236290a7-516e-403c-8f77-5198f833f968,424213003,Allergy to bee venom
2016-02-11,,f23e12d9-2ec6-4006-b041-ea78d374e9c9,236290a7-516e-403c-8f77-5198f833f968,419474003,Allergy to mould
2016-02-11,,f23e12d9-2ec6-4006-b041-ea78d374e9c9,236290a7-516e-403c-8f77-5198f833f968,232350006,House dust mite allergy
2016-02-11,,f23e12d9-2ec6-4006-b041-ea78d374e9c9,236290a7-516e-403c-8f77-5198f833f968,232347008,Dander (animal) allergy
2016-02-11,,f23e12d9-2ec6-4006-b041-ea78d374e9c9,236290a7-516e-403c-8f77-5198f833f968,418689008,Allergy to grass pollen
2016-02-11,,f23e12d9-2ec6-4006-b041-ea78d374e9c9,236290a7-516e-403c-8f77-5198f833f968,419263009,Allergy to tree pollen
2016-02-11,,f23e12d9-2ec6-4006-b041-ea78d374e9c9,236290a7-516e-403c-8f77-5198f833f968,91934008,Allergy to nut
1952-03-10,,0288abb6-633c-40c3-ba0c-66c7d957727e,a64c55df-b288-4f78-9996-d2ecf0b65c9d,419474003,Allergy to mould
1952-03-10,,0288abb6-633c-40c3-ba0c-66c7d957727e,a64c55df-b288-4f78-9996-d2ecf0b65c9d,232350006,House dust mite allergy
1952-03-10,,0288abb6-633c-40c3-ba0c-66c7d957727e,a64c55df-b288-4f78-9996-d2ecf0b65c9d,232347008,Dander (animal) allergy
1952-03-10,,0288abb6-633c-40c3-ba0c-66c7d957727e,a64c55df-b288-4f78-9996-d2ecf0b65c9d,418689008,Allergy to grass pollen
1952-03-10,,0288abb6-633c-40c3-ba0c-66c7d957727e,a64c55df-b288-4f78-9996-d2ecf0b65c9d,91935009,Allergy to peanuts
1966-01-27,,5a1848d9-9b49-4529-94f1-e463b502c73b,04e5b80a-5df7-45f4-a245-a15632dd0fd7,419474003,Allergy to mould
1966-01-27,,5a1848d9-9b49-4529-94f1-e463b502c73b,04e5b80a-5df7-45f4-a245-a15632dd0fd7,232347008,Dander (animal) allergy
1966-01-27,,5a1848d9-9b49-4529-94f1-e463b502c73b,04e5b80a-5df7-45f4-a245-a15632dd0fd7,418689008,Allergy to grass pollen
1966-01-27,,5a1848d9-9b49-4529-94f1-e463b502c73b,04e5b80a-5df7-45f4-a245-a15632dd0fd7,419263009,Allergy to tree pollen
1966-01-27,,5a1848d9-9b49-4529-94f1-e463b502c73b,04e5b80a-5df7-45f4-a245-a15632dd0fd7,300913006,Shellfish allergy
1958-06-07,,f504b982-e99b-4064-ad25-9e5480e769cd,fb994807-4ced-47c8-a0ca-7687d22ad182,417532002,Allergy to fish
2004-04-26,2019-12-25,097079b1-ff8f-4ee0-8ce3-0ea744ecfa21,9c3c633f-c33c-426c-b771-b6117ba7d6fc,419474003,Allergy to mould
2004-04-26,,097079b1-ff8f-4ee0-8ce3-0ea744ecfa21,9c3c633f-c33c-426c-b771-b6117ba7d6fc,232347008,Dander (animal) allergy
2004-04-26,,097079b1-ff8f-4ee0-8ce3-0ea744ecfa21,9c3c633f-c33c-426c-b771-b6117ba7d6fc,418689008,Allergy to grass pollen
2004-04-26,,097079b1-ff8f-4ee0-8ce3-0ea744ecfa21,9c3c633f-c33c-426c-b771-b6117ba7d6fc,419263009,Allergy to tree pollen
2004-04-26,,097079b1-ff8f-4ee0-8ce3-0ea744ecfa21,9c3c633f-c33c-426c-b771-b6117ba7d6fc,425525006,Allergy to dairy product
2004-04-26,,097079b1-ff8f-4ee0-8ce3-0ea744ecfa21,9c3c633f-c33c-426c-b771-b6117ba7d6fc,714035009,Allergy to soya
2004-04-26,,097079b1-ff8f-4ee0-8ce3-0ea744ecfa21,9c3c633f-c33c-426c-b771-b6117ba7d6fc,91935009,Allergy to peanuts
2009-09-20,,7ea0b41a-3459-4623-a288-0ac335319244,081cb7db-2fc7-4851-b425-dd6749cfa51d,424213003,Allergy to bee venom
1959-07-21,,076688b0-f0d5-4c45-8bc6-b206684fa9ac,7b116d0a-949d-492f-9294-8a170f5018c3,424213003,Allergy to bee venom
1959-07-21,,076688b0-f0d5-4c45-8bc6-b206684fa9ac,7b116d0a-949d-492f-9294-8a170f5018c3,232347008,Dander (animal) allergy
1959-07-21,,076688b0-f0d5-4c45-8bc6-b206684fa9ac,7b116d0a-949d-492f-9294-8a170f5018c3,417532002,Allergy to fish
1959-07-21,,076688b0-f0d5-4c45-8bc6-b206684fa9ac,7b116d0a-949d-492f-9294-8a170f5018c3,91934008,Allergy to nut
1994-06-07,,78a9a8d6-b3b2-47dc-b4a0-867abec7c78f,7c0482a4-04fc-4cdc-9c2b-ff1f28f704db,424213003,Allergy to bee venom
1994-06-07,,78a9a8d6-b3b2-47dc-b4a0-867abec7c78f,7c0482a4-04fc-4cdc-9c2b-ff1f28f704db,419474003,Allergy to mould
1994-06-07,,78a9a8d6-b3b2-47dc-b4a0-867abec7c78f,7c0482a4-04fc-4cdc-9c2b-ff1f28f704db,232350006,House dust mite allergy
1994-06-07,,78a9a8d6-b3b2-47dc-b4a0-867abec7c78f,7c0482a4-04fc-4cdc-9c2b-ff1f28f704db,232347008,Dander (animal) allergy
1994-06-07,,78a9a8d6-b3b2-47dc-b4a0-867abec7c78f,7c0482a4-04fc-4cdc-9c2b-ff1f28f704db,419263009,Allergy to tree pollen
1994-06-07,2011-03-09,78a9a8d6-b3b2-47dc-b4a0-867abec7c78f,7c0482a4-04fc-4cdc-9c2b-ff1f28f704db,425525006,Allergy to dairy product
1994-06-07,,78a9a8d6-b3b2-47dc-b4a0-867abec7c78f,7c0482a4-04fc-4cdc-9c2b-ff1f28f704db,91935009,Allergy to peanuts
1946-11-06,,380e2738-59f4-4f03-a9f7-11d73c648e34,8e21f52f-7c86-4f5f-8c15-ffae237e5dcc,91934008,Allergy to nut
2002-04-12,,7525003c-806f-401a-a6ae-751c39112c56,e020c56b-d3d9-46ed-a6c6-f8331cf3c920,419474003,Allergy to mould
1960-12-09,,756c201c-d61c-4495-afc0-09ca95c673a4,c426de30-d2ee-4a34-b3b7-83cf6c30d9c2,91930004,Allergy to eggs
1989-05-10,,8aeeef59-43b3-4983-8f1d-54f3e8d5ea92,3f6184c9-cdf7-4dae-96e3-9de0f8e4e2c1,424213003,Allergy to bee venom
1989-05-10,,8aeeef59-43b3-4983-8f1d-54f3e8d5ea92,3f6184c9-cdf7-4dae-96e3-9de0f8e4e2c1,418689008,Allergy to grass pollen
1989-05-10,,8aeeef59-43b3-4983-8f1d-54f3e8d5ea92,3f6184c9-cdf7-4dae-96e3-9de0f8e4e2c1,417532002,Allergy to fish
1947-07-14,,13db4bb8-d1dc-4158-a820-d2d1b7084fc4,df30f405-c6e2-404b-8847-7c12f8aa46bf,300913006,Shellfish allergy
2011-10-24,,c05478a7-a4df-4fd3-8d68-60b9452d4781,6dbce8d2-3bb0-4ff9-8e9b-7152ff03cc0c,300916003,Latex allergy
2011-10-24,,c05478a7-a4df-4fd3-8d68-60b9452d4781,6dbce8d2-3bb0-4ff9-8e9b-7152ff03cc0c,424213003,Allergy to bee venom
2011-10-24,,c05478a7-a4df-4fd3-8d68-60b9452d4781,6dbce8d2-3bb0-4ff9-8e9b-7152ff03cc0c,419474003,Allergy to mould
2011-10-24,,c05478a7-a4df-4fd3-8d68-60b9452d4781,6dbce8d2-3bb0-4ff9-8e9b-7152ff03cc0c,232350006,House dust mite allergy
2011-10-24,,c05478a7-a4df-4fd3-8d68-60b9452d4781,6dbce8d2-3bb0-4ff9-8e9b-7152ff03cc0c,232347008,Dander (animal) allergy
2011-10-24,,c05478a7-a4df-4fd3-8d68-60b9452d4781,6dbce8d2-3bb0-4ff9-8e9b-7152ff03cc0c,418689008,Allergy to grass pollen
2011-10-24,,c05478a7-a4df-4fd3-8d68-60b9452d4781,6dbce8d2-3bb0-4ff9-8e9b-7152ff03cc0c,419263009,Allergy to tree pollen
2011-10-24,,c05478a7-a4df-4fd3-8d68-60b9452d4781,6dbce8d2-3bb0-4ff9-8e9b-7152ff03cc0c,91930004,Allergy to eggs
2011-10-24,,c05478a7-a4df-4fd3-8d68-60b9452d4781,6dbce8d2-3bb0-4ff9-8e9b-7152ff03cc0c,91935009,Allergy to peanuts
1966-06-10,,5dccb2e6-668f-41b4-add4-4020617610b3,a5a24dea-1618-4011-9da4-fca04e50d284,419474003,Allergy to mould
1966-06-10,,5dccb2e6-668f-41b4-add4-4020617610b3,a5a24dea-1618-4011-9da4-fca04e50d284,232350006,House dust mite allergy
1966-06-10,,5dccb2e6-668f-41b4-add4-4020617610b3,a5a24dea-1618-4011-9da4-fca04e50d284,232347008,Dander (animal) allergy
1966-06-10,,5dccb2e6-668f-41b4-add4-4020617610b3,a5a24dea-1618-4011-9da4-fca04e50d284,418689008,Allergy to grass pollen
1966-06-10,,5dccb2e6-668f-41b4-add4-4020617610b3,a5a24dea-1618-4011-9da4-fca04e50d284,419263009,Allergy to tree pollen
1966-06-10,,5dccb2e6-668f-41b4-add4-4020617610b3,a5a24dea-1618-4011-9da4-fca04e50d284,91934008,Allergy to nut
2009-01-22,,e188fafe-c1bb-45dc-9627-4ff4e4bc0ec0,5e4a49f2-47e7-4b76-9120-276a79f1766f,419474003,Allergy to mould
2009-01-22,,e188fafe-c1bb-45dc-9627-4ff4e4bc0ec0,5e4a49f2-47e7-4b76-9120-276a79f1766f,232347008,Dander (animal) allergy
2009-01-22,,e188fafe-c1bb-45dc-9627-4ff4e4bc0ec0,5e4a49f2-47e7-4b76-9120-276a79f1766f,418689008,Allergy to grass pollen
2009-01-22,,e188fafe-c1bb-45dc-9627-4ff4e4bc0ec0,5e4a49f2-47e7-4b76-9120-276a79f1766f,419263009,Allergy to tree pollen
2009-01-22,,e188fafe-c1bb-45dc-9627-4ff4e4bc0ec0,5e4a49f2-47e7-4b76-9120-276a79f1766f,420174000,Allergy to wheat
2009-01-22,,e188fafe-c1bb-45dc-9627-4ff4e4bc0ec0,5e4a49f2-47e7-4b76-9120-276a79f1766f,417532002,Allergy to fish
2009-01-22,,e188fafe-c1bb-45dc-9627-4ff4e4bc0ec0,5e4a49f2-47e7-4b76-9120-276a79f1766f,91935009,Allergy to peanuts
2017-03-06,,a0a64d10-5b1e-4e17-953a-efccb0c860da,62389b17-3877-4f03-8a8a-54367c0237a1,420174000,Allergy to wheat
1979-12-21,,f0f6572b-1588-4828-bb8b-e3148692e536,aec2f3bd-1530-4c10-852c-9614328ab978,420174000,Allergy to wheat
1979-12-21,,f0f6572b-1588-4828-bb8b-e3148692e536,aec2f3bd-1530-4c10-852c-9614328ab978,91934008,Allergy to nut
2013-10-19,,a0fa2ed6-1b9a-4e35-9126-7d8a5c891f42,4b64f056-bc75-473e-a392-2a348349a199,91934008,Allergy to nut
2011-09-07,,b4d1167c-9adf-40e0-8295-4c3f25fdb3b4,1a2c3225-add3-422b-937b-0bf791e66bb4,419474003,Allergy to mould
2011-09-07,,b4d1167c-9adf-40e0-8295-4c3f25fdb3b4,1a2c3225-add3-422b-937b-0bf791e66bb4,300913006,Shellfish allergy
1964-08-26,,a4222dad-09bb-4049-b3dc-01b79f41012f,51f66013-e9ba-442b-b720-4aa68fba0a9c,419474003,Allergy to mould
1964-08-26,,a4222dad-09bb-4049-b3dc-01b79f41012f,51f66013-e9ba-442b-b720-4aa68fba0a9c,419263009,Allergy to tree pollen
1964-08-26,,a4222dad-09bb-4049-b3dc-01b79f41012f,51f66013-e9ba-442b-b720-4aa68fba0a9c,300913006,Shellfish allergy
1964-08-26,,a4222dad-09bb-4049-b3dc-01b79f41012f,51f66013-e9ba-442b-b720-4aa68fba0a9c,417532002,Allergy to fish
1938-04-09,,4f9dcdaa-fb47-412b-8288-03f8cbbc321e,860fcb5c-c0d0-4581-b586-54ffc68970c6,91934008,Allergy to nut
1990-10-02,,51ab042b-d75e-45f9-ad85-019be3a051bf,3b969776-f436-48ac-91fb-6502134fc01d,300916003,Latex allergy
1990-10-02,,51ab042b-d75e-45f9-ad85-019be3a051bf,3b969776-f436-48ac-91fb-6502134fc01d,424213003,Allergy to bee venom
2014-05-14,,b16ca449-bc14-4619-a936-07f6f3db7119,b2aba915-19b1-4ba8-a6a5-ec5346ceb2f0,300916003,Latex allergy
2014-05-14,,b16ca449-bc14-4619-a936-07f6f3db7119,b2aba915-19b1-4ba8-a6a5-ec5346ceb2f0,424213003,Allergy to bee venom
2014-05-14,,b16ca449-bc14-4619-a936-07f6f3db7119,b2aba915-19b1-4ba8-a6a5-ec5346ceb2f0,419474003,Allergy to mould
2014-05-14,,b16ca449-bc14-4619-a936-07f6f3db7119,b2aba915-19b1-4ba8-a6a5-ec5346ceb2f0,232350006,House dust mite allergy
2014-05-14,,b16ca449-bc14-4619-a936-07f6f3db7119,b2aba915-19b1-4ba8-a6a5-ec5346ceb2f0,232347008,Dander (animal) allergy
2014-05-14,,b16ca449-bc14-4619-a936-07f6f3db7119,b2aba915-19b1-4ba8-a6a5-ec5346ceb2f0,418689008,Allergy to grass pollen
2014-05-14,,b16ca449-bc14-4619-a936-07f6f3db7119,b2aba915-19b1-4ba8-a6a5-ec5346ceb2f0,419263009,Allergy to tree pollen
2014-05-14,,b16ca449-bc14-4619-a936-07f6f3db7119,b2aba915-19b1-4ba8-a6a5-ec5346ceb2f0,91930004,Allergy to eggs
2014-05-14,,b16ca449-bc14-4619-a936-07f6f3db7119,b2aba915-19b1-4ba8-a6a5-ec5346ceb2f0,420174000,Allergy to wheat
1998-03-17,2014-02-05,0e1ad739-81d1-4170-841d-414ddc97c93a,99ff05be-e932-4a00-b691-b2d974bc5851,419474003,Allergy to mould
1998-03-17,,0e1ad739-81d1-4170-841d-414ddc97c93a,99ff05be-e932-4a00-b691-b2d974bc5851,232350006,House dust mite allergy
1998-03-17,,0e1ad739-81d1-4170-841d-414ddc97c93a,99ff05be-e932-4a00-b691-b2d974bc5851,232347008,Dander (animal) allergy
1998-03-17,2014-02-05,0e1ad739-81d1-4170-841d-414ddc97c93a,99ff05be-e932-4a00-b691-b2d974bc5851,418689008,Allergy to grass pollen
1998-03-17,,0e1ad739-81d1-4170-841d-414ddc97c93a,99ff05be-e932-4a00-b691-b2d974bc5851,419263009,Allergy to tree pollen
1998-03-17,2015-10-05,0e1ad739-81d1-4170-841d-414ddc97c93a,99ff05be-e932-4a00-b691-b2d974bc5851,91930004,Allergy to eggs
1998-03-17,,0e1ad739-81d1-4170-841d-414ddc97c93a,99ff05be-e932-4a00-b691-b2d974bc5851,300913006,Shellfish allergy
1979-07-17,,13c98b78-98e9-41fb-a29a-686d005d98f7,ab874609-485e-43d3-a402-aaa88961445c,424213003,Allergy to bee venom
2000-01-14,2016-04-04,1e52e4fe-13c7-41ad-8b3e-5933fdd553c4,4dea508e-d815-4a83-8029-ddf9df30e97e,300916003,Latex allergy
2000-01-14,,1e52e4fe-13c7-41ad-8b3e-5933fdd553c4,4dea508e-d815-4a83-8029-ddf9df30e97e,424213003,Allergy to bee venom
2000-01-14,,1e52e4fe-13c7-41ad-8b3e-5933fdd553c4,4dea508e-d815-4a83-8029-ddf9df30e97e,419474003,Allergy to mould
2000-01-14,,1e52e4fe-13c7-41ad-8b3e-5933fdd553c4,4dea508e-d815-4a83-8029-ddf9df30e97e,232350006,House dust mite allergy
2000-01-14,2015-06-13,1e52e4fe-13c7-41ad-8b3e-5933fdd553c4,4dea508e-d815-4a83-8029-ddf9df30e97e,232347008,Dander (animal) allergy
2000-01-14,2015-06-13,1e52e4fe-13c7-41ad-8b3e-5933fdd553c4,4dea508e-d815-4a83-8029-ddf9df30e97e,418689008,Allergy to grass pollen
2000-01-14,2015-06-13,1e52e4fe-13c7-41ad-8b3e-5933fdd553c4,4dea508e-d815-4a83-8029-ddf9df30e97e,419263009,Allergy to tree pollen
2000-01-14,,1e52e4fe-13c7-41ad-8b3e-5933fdd553c4,4dea508e-d815-4a83-8029-ddf9df30e97e,420174000,Allergy to wheat
1963-08-04,,92709d5b-63d2-4e47-b857-dccb09724ea3,3da0bdc7-2715-4b76-8cc4-2272a920eab3,419474003,Allergy to mould
1963-08-04,,92709d5b-63d2-4e47-b857-dccb09724ea3,3da0bdc7-2715-4b76-8cc4-2272a920eab3,232350006,House dust mite allergy
1963-08-04,,92709d5b-63d2-4e47-b857-dccb09724ea3,3da0bdc7-2715-4b76-8cc4-2272a920eab3,232347008,Dander (animal) allergy
1963-08-04,,92709d5b-63d2-4e47-b857-dccb09724ea3,3da0bdc7-2715-4b76-8cc4-2272a920eab3,300913006,Shellfish allergy
2019-07-17,,22415347-d2fb-4357-aaeb-ddba23e5cdf0,15951b86-bc15-4467-8d07-1f5177bfd59d,419474003,Allergy to mould
2019-07-17,,22415347-d2fb-4357-aaeb-ddba23e5cdf0,15951b86-bc15-4467-8d07-1f5177bfd59d,232350006,House dust mite allergy
2019-07-17,,22415347-d2fb-4357-aaeb-ddba23e5cdf0,15951b86-bc15-4467-8d07-1f5177bfd59d,232347008,Dander (animal) allergy
2019-07-17,,22415347-d2fb-4357-aaeb-ddba23e5cdf0,15951b86-bc15-4467-8d07-1f5177bfd59d,419263009,Allergy to tree pollen
2019-07-17,,22415347-d2fb-4357-aaeb-ddba23e5cdf0,15951b86-bc15-4467-8d07-1f5177bfd59d,425525006,Allergy to dairy product
2019-07-17,,22415347-d2fb-4357-aaeb-ddba23e5cdf0,15951b86-bc15-4467-8d07-1f5177bfd59d,91930004,Allergy to eggs
2019-07-17,,22415347-d2fb-4357-aaeb-ddba23e5cdf0,15951b86-bc15-4467-8d07-1f5177bfd59d,420174000,Allergy to wheat
2019-07-17,,22415347-d2fb-4357-aaeb-ddba23e5cdf0,15951b86-bc15-4467-8d07-1f5177bfd59d,300913006,Shellfish allergy
2003-06-13,2018-09-08,8db0d104-4c3f-40d3-bcf5-f5eb81b7308f,e75460f0-5f5c-4aa2-ab0b-200310a96c63,419474003,Allergy to mould
2003-06-13,2018-09-08,8db0d104-4c3f-40d3-bcf5-f5eb81b7308f,e75460f0-5f5c-4aa2-ab0b-200310a96c63,232350006,House dust mite allergy
2003-06-13,2018-09-08,8db0d104-4c3f-40d3-bcf5-f5eb81b7308f,e75460f0-5f5c-4aa2-ab0b-200310a96c63,232347008,Dander (animal) allergy
2003-06-13,,8db0d104-4c3f-40d3-bcf5-f5eb81b7308f,e75460f0-5f5c-4aa2-ab0b-200310a96c63,418689008,Allergy to grass pollen
2003-06-13,,8db0d104-4c3f-40d3-bcf5-f5eb81b7308f,e75460f0-5f5c-4aa2-ab0b-200310a96c63,419263009,Allergy to tree pollen
2003-06-13,2019-05-02,8db0d104-4c3f-40d3-bcf5-f5eb81b7308f,e75460f0-5f5c-4aa2-ab0b-200310a96c63,91930004,Allergy to eggs
2003-06-13,2019-05-02,8db0d104-4c3f-40d3-bcf5-f5eb81b7308f,e75460f0-5f5c-4aa2-ab0b-200310a96c63,420174000,Allergy to wheat
2003-06-13,,8db0d104-4c3f-40d3-bcf5-f5eb81b7308f,e75460f0-5f5c-4aa2-ab0b-200310a96c63,91935009,Allergy to peanuts
1990-09-06,,1030d86d-86f5-4195-962a-48895ca085ab,019be3d9-186c-4870-8815-c8cba8be683e,424213003,Allergy to bee venom
1990-09-06,,1030d86d-86f5-4195-962a-48895ca085ab,019be3d9-186c-4870-8815-c8cba8be683e,419474003,Allergy to mould
1990-09-06,,1030d86d-86f5-4195-962a-48895ca085ab,019be3d9-186c-4870-8815-c8cba8be683e,232350006,House dust mite allergy
1990-09-06,,1030d86d-86f5-4195-962a-48895ca085ab,019be3d9-186c-4870-8815-c8cba8be683e,232347008,Dander (animal) allergy
1942-12-06,,703e4c46-ded2-4797-97fe-57fedda2825f,73cbbd1f-b1fa-44a8-90fd-af5d3bd17f4f,91934008,Allergy to nut
1983-04-09,,b37c9b35-6fea-4570-b7f6-379baf4c9399,cc65c8d0-1e3b-4c47-aa9f-43bd15bb79c6,424213003,Allergy to bee venom
1983-04-09,,b37c9b35-6fea-4570-b7f6-379baf4c9399,cc65c8d0-1e3b-4c47-aa9f-43bd15bb79c6,419474003,Allergy to mould
1983-04-09,,b37c9b35-6fea-4570-b7f6-379baf4c9399,cc65c8d0-1e3b-4c47-aa9f-43bd15bb79c6,232350006,House dust mite allergy
1983-04-09,,b37c9b35-6fea-4570-b7f6-379baf4c9399,cc65c8d0-1e3b-4c47-aa9f-43bd15bb79c6,232347008,Dander (animal) allergy
1983-04-09,,b37c9b35-6fea-4570-b7f6-379baf4c9399,cc65c8d0-1e3b-4c47-aa9f-43bd15bb79c6,418689008,Allergy to grass pollen
1983-04-09,,b37c9b35-6fea-4570-b7f6-379baf4c9399,cc65c8d0-1e3b-4c47-aa9f-43bd15bb79c6,419263009,Allergy to tree pollen
1983-04-09,,b37c9b35-6fea-4570-b7f6-379baf4c9399,cc65c8d0-1e3b-4c47-aa9f-43bd15bb79c6,425525006,Allergy to dairy product
1983-04-09,,b37c9b35-6fea-4570-b7f6-379baf4c9399,cc65c8d0-1e3b-4c47-aa9f-43bd15bb79c6,300913006,Shellfish allergy
1983-04-09,,b37c9b35-6fea-4570-b7f6-379baf4c9399,cc65c8d0-1e3b-4c47-aa9f-43bd15bb79c6,417532002,Allergy to fish
1915-08-19,,b1b10f6e-e97a-426a-9581-f1a5c29b6e05,31953388-58de-49eb-af31-437b88156a9e,232347008,Dander (animal) allergy
1915-08-19,,b1b10f6e-e97a-426a-9581-f1a5c29b6e05,31953388-58de-49eb-af31-437b88156a9e,300913006,Shellfish allergy
2008-11-21,,0aaa2164-8de6-4152-8674-14d254aae13a,4c82c24d-7a02-49a9-ba7e-d1b002ab96dd,419474003,Allergy to mould
2008-11-21,,0aaa2164-8de6-4152-8674-14d254aae13a,4c82c24d-7a02-49a9-ba7e-d1b002ab96dd,232347008,Dander (animal) allergy
2008-11-21,,0aaa2164-8de6-4152-8674-14d254aae13a,4c82c24d-7a02-49a9-ba7e-d1b002ab96dd,418689008,Allergy to grass pollen
2008-11-21,,0aaa2164-8de6-4152-8674-14d254aae13a,4c82c24d-7a02-49a9-ba7e-d1b002ab96dd,419263009,Allergy to tree pollen
2008-11-21,,0aaa2164-8de6-4152-8674-14d254aae13a,4c82c24d-7a02-49a9-ba7e-d1b002ab96dd,425525006,Allergy to dairy product
2008-11-21,,0aaa2164-8de6-4152-8674-14d254aae13a,4c82c24d-7a02-49a9-ba7e-d1b002ab96dd,91930004,Allergy to eggs
2008-11-21,,0aaa2164-8de6-4152-8674-14d254aae13a,4c82c24d-7a02-49a9-ba7e-d1b002ab96dd,417532002,Allergy to fish
2002-04-11,,96942a16-75bc-4026-bd63-e985b0ca1d6d,ea307702-bc41-4f60-b662-f0b2d99553fc,424213003,Allergy to bee venom
2002-04-11,,96942a16-75bc-4026-bd63-e985b0ca1d6d,ea307702-bc41-4f60-b662-f0b2d99553fc,419474003,Allergy to mould
2002-04-11,2016-09-18,96942a16-75bc-4026-bd63-e985b0ca1d6d,ea307702-bc41-4f60-b662-f0b2d99553fc,232350006,House dust mite allergy
2002-04-11,2016-09-18,96942a16-75bc-4026-bd63-e985b0ca1d6d,ea307702-bc41-4f60-b662-f0b2d99553fc,232347008,Dander (animal) allergy
2002-04-11,2016-09-18,96942a16-75bc-4026-bd63-e985b0ca1d6d,ea307702-bc41-4f60-b662-f0b2d99553fc,418689008,Allergy to grass pollen
2002-04-11,2016-09-18,96942a16-75bc-4026-bd63-e985b0ca1d6d,ea307702-bc41-4f60-b662-f0b2d99553fc,419263009,Allergy to tree pollen
1971-06-27,,55506d51-2c6a-4608-aae3-7cb2f111c926,aad92a63-f088-40b9-9ff9-35f1d9b00b7e,300916003,Latex allergy
1971-06-27,,55506d51-2c6a-4608-aae3-7cb2f111c926,aad92a63-f088-40b9-9ff9-35f1d9b00b7e,232347008,Dander (animal) allergy
1981-01-29,,df7c1d66-eac2-49bd-9d12-ee17e8758f68,a232db22-565f-4559-bb56-edf9021b74b2,419474003,Allergy to mould
1981-01-29,,df7c1d66-eac2-49bd-9d12-ee17e8758f68,a232db22-565f-4559-bb56-edf9021b74b2,232347008,Dander (animal) allergy
1981-01-29,,df7c1d66-eac2-49bd-9d12-ee17e8758f68,a232db22-565f-4559-bb56-edf9021b74b2,418689008,Allergy to grass pollen
1981-01-29,,df7c1d66-eac2-49bd-9d12-ee17e8758f68,a232db22-565f-4559-bb56-edf9021b74b2,419263009,Allergy to tree pollen
1981-01-29,,df7c1d66-eac2-49bd-9d12-ee17e8758f68,a232db22-565f-4559-bb56-edf9021b74b2,91935009,Allergy to peanuts
1978-07-20,,68878f91-5962-4ef2-83e7-43b8298c1708,95099931-0042-4524-b808-dd6b6447fc0e,424213003,Allergy to bee venom
1978-07-20,,68878f91-5962-4ef2-83e7-43b8298c1708,95099931-0042-4524-b808-dd6b6447fc0e,419474003,Allergy to mould
1978-07-20,,68878f91-5962-4ef2-83e7-43b8298c1708,95099931-0042-4524-b808-dd6b6447fc0e,232350006,House dust mite allergy
1978-07-20,,68878f91-5962-4ef2-83e7-43b8298c1708,95099931-0042-4524-b808-dd6b6447fc0e,232347008,Dander (animal) allergy
1978-07-20,,68878f91-5962-4ef2-83e7-43b8298c1708,95099931-0042-4524-b808-dd6b6447fc0e,418689008,Allergy to grass pollen
1978-07-20,,68878f91-5962-4ef2-83e7-43b8298c1708,95099931-0042-4524-b808-dd6b6447fc0e,419263009,Allergy to tree pollen
1978-07-20,,68878f91-5962-4ef2-83e7-43b8298c1708,95099931-0042-4524-b808-dd6b6447fc0e,91935009,Allergy to peanuts
1970-07-16,,6c7a3894-fa93-418f-b086-4bf001b94a50,3de3842d-7760-4bda-a6bd-59f13d67af40,419474003,Allergy to mould
1970-07-16,,6c7a3894-fa93-418f-b086-4bf001b94a50,3de3842d-7760-4bda-a6bd-59f13d67af40,232347008,Dander (animal) allergy
1963-07-23,,1c2aa038-9366-4c7d-9a3e-52cb753a670f,c90b2536-b388-479c-aa7e-3406fe4c2211,300916003,Latex allergy
1963-07-23,,1c2aa038-9366-4c7d-9a3e-52cb753a670f,c90b2536-b388-479c-aa7e-3406fe4c2211,424213003,Allergy to bee venom
1963-07-23,,1c2aa038-9366-4c7d-9a3e-52cb753a670f,c90b2536-b388-479c-aa7e-3406fe4c2211,419474003,Allergy to mould
1963-07-23,,1c2aa038-9366-4c7d-9a3e-52cb753a670f,c90b2536-b388-479c-aa7e-3406fe4c2211,232350006,House dust mite allergy
1963-07-23,,1c2aa038-9366-4c7d-9a3e-52cb753a670f,c90b2536-b388-479c-aa7e-3406fe4c2211,232347008,Dander (animal) allergy
1963-07-23,,1c2aa038-9366-4c7d-9a3e-52cb753a670f,c90b2536-b388-479c-aa7e-3406fe4c2211,418689008,Allergy to grass pollen
1963-07-23,,1c2aa038-9366-4c7d-9a3e-52cb753a670f,c90b2536-b388-479c-aa7e-3406fe4c2211,419263009,Allergy to tree pollen
1963-07-23,,1c2aa038-9366-4c7d-9a3e-52cb753a670f,c90b2536-b388-479c-aa7e-3406fe4c2211,300913006,Shellfish allergy
1963-07-23,,1c2aa038-9366-4c7d-9a3e-52cb753a670f,c90b2536-b388-479c-aa7e-3406fe4c2211,417532002,Allergy to fish
1963-07-23,,1c2aa038-9366-4c7d-9a3e-52cb753a670f,c90b2536-b388-479c-aa7e-3406fe4c2211,91935009,Allergy to peanuts
1987-11-30,,8d202c65-427d-4190-8c28-3aa27e1a9f4c,16bc6376-a1cc-4d63-8307-c5d7479dc021,424213003,Allergy to bee venom
1987-11-30,,8d202c65-427d-4190-8c28-3aa27e1a9f4c,16bc6376-a1cc-4d63-8307-c5d7479dc021,419474003,Allergy to mould
1987-11-30,,8d202c65-427d-4190-8c28-3aa27e1a9f4c,16bc6376-a1cc-4d63-8307-c5d7479dc021,232350006,House dust mite allergy
1987-11-30,,8d202c65-427d-4190-8c28-3aa27e1a9f4c,16bc6376-a1cc-4d63-8307-c5d7479dc021,232347008,Dander (animal) allergy
1987-11-30,,8d202c65-427d-4190-8c28-3aa27e1a9f4c,16bc6376-a1cc-4d63-8307-c5d7479dc021,419263009,Allergy to tree pollen
1987-11-30,,8d202c65-427d-4190-8c28-3aa27e1a9f4c,16bc6376-a1cc-4d63-8307-c5d7479dc021,91934008,Allergy to nut
1987-11-30,,8d202c65-427d-4190-8c28-3aa27e1a9f4c,16bc6376-a1cc-4d63-8307-c5d7479dc021,91935009,Allergy to peanuts
2003-05-18,,8bf8631f-2fd4-4dc7-af2b-c400499fedfc,90ea604b-e2bf-4ca0-a46b-dc480f2f2a03,419474003,Allergy to mould
2003-05-18,,8bf8631f-2fd4-4dc7-af2b-c400499fedfc,90ea604b-e2bf-4ca0-a46b-dc480f2f2a03,300913006,Shellfish allergy
1979-07-10,,c5d6bdfa-5554-4927-8fa8-794e5514cb56,e42aa828-ad33-404f-af29-f1f9f17bd7f5,417532002,Allergy to fish
1965-09-23,,2a6d1e58-88eb-4be0-b6b4-59a471257c2e,f7ff5032-50cc-480e-90ca-848c85d6d014,419474003,Allergy to mould
1965-09-23,,2a6d1e58-88eb-4be0-b6b4-59a471257c2e,f7ff5032-50cc-480e-90ca-848c85d6d014,232347008,Dander (animal) allergy
1965-09-23,,2a6d1e58-88eb-4be0-b6b4-59a471257c2e,f7ff5032-50cc-480e-90ca-848c85d6d014,418689008,Allergy to grass pollen
1965-09-23,,2a6d1e58-88eb-4be0-b6b4-59a471257c2e,f7ff5032-50cc-480e-90ca-848c85d6d014,419263009,Allergy to tree pollen
1965-09-23,,2a6d1e58-88eb-4be0-b6b4-59a471257c2e,f7ff5032-50cc-480e-90ca-848c85d6d014,420174000,Allergy to wheat
1965-09-23,,2a6d1e58-88eb-4be0-b6b4-59a471257c2e,f7ff5032-50cc-480e-90ca-848c85d6d014,300913006,Shellfish allergy
1965-09-23,,2a6d1e58-88eb-4be0-b6b4-59a471257c2e,f7ff5032-50cc-480e-90ca-848c85d6d014,91935009,Allergy to peanuts
2000-01-03,2016-06-25,e6ff4bf9-09c2-4976-aa84-cca142207cf8,6c760807-a6b7-4af4-8d50-f32325803448,300916003,Latex allergy
2000-01-03,,e6ff4bf9-09c2-4976-aa84-cca142207cf8,6c760807-a6b7-4af4-8d50-f32325803448,419474003,Allergy to mould
2000-01-03,,e6ff4bf9-09c2-4976-aa84-cca142207cf8,6c760807-a6b7-4af4-8d50-f32325803448,232350006,House dust mite allergy
2000-01-03,,e6ff4bf9-09c2-4976-aa84-cca142207cf8,6c760807-a6b7-4af4-8d50-f32325803448,232347008,Dander (animal) allergy
2000-01-03,,e6ff4bf9-09c2-4976-aa84-cca142207cf8,6c760807-a6b7-4af4-8d50-f32325803448,418689008,Allergy to grass pollen
2000-01-03,,e6ff4bf9-09c2-4976-aa84-cca142207cf8,6c760807-a6b7-4af4-8d50-f32325803448,419263009,Allergy to tree pollen
2000-01-03,,e6ff4bf9-09c2-4976-aa84-cca142207cf8,6c760807-a6b7-4af4-8d50-f32325803448,91930004,Allergy to eggs
2000-01-03,,e6ff4bf9-09c2-4976-aa84-cca142207cf8,6c760807-a6b7-4af4-8d50-f32325803448,91935009,Allergy to peanuts
1915-09-12,,13b9a676-7cfd-4b7c-bdb6-43ec52b7c919,bbd17366-0801-45ee-8589-0f3eb31c7d0d,419474003,Allergy to mould
